Longitude,Latitude,nx,ny
44.04779244038609,39.35059740553785,0.3723382283186364,0.9280971089991279
43.93567010218145,39.35853399829615,0.16234888597116232,0.9867334185198768
43.83113181768423,39.38624493715001,0.5358543602364977,0.8443104314264593
43.771087908465994,39.46298857191869,0.8223561667956216,0.5689730529060333
43.72179436457883,39.544274088730596,0.8621117521895133,0.506718192624586
43.675459789044275,39.62568674773557,0.8053438031161514,0.5928080286082618
43.61122860716628,39.69448029929438,0.5361860357369308,0.844099837152404
43.50735883945717,39.73246722297745,0.5150425498082949,0.8571646118960874
43.43283194639673,39.80167309489614,0.8493194524967432,0.5278792168769598
43.41037352001049,39.88850958225047,0.8925231187550713,0.4510016435532368
43.351674773344776,39.96228149674363,0.5124069398200042,0.8587427601000771
43.24119655357347,39.98945651966619,0.19415645776219626,0.9809705754553684
43.12612030711276,40.00692387164435,0.04647677554968208,0.9989193707875047
43.009628263277605,40.00023071002354,-0.12990634430450732,0.9915262687944475
42.896374510686684,39.97682337156448,-0.2188520835081611,0.9757580466202351
42.784694441267185,39.94978046186115,-0.18136289147717494,0.9834162402538604
42.66910986647491,39.934910932743925,-0.1633604384309023,0.9865664534919396
42.55596895835808,39.91190699166956,-0.2508800419677311,0.9680181839936012
42.450931390770975,39.87836589459677,-0.22029735137053635,0.9754327639458942
42.33599152874199,39.86222602246602,-0.14607664201794482,0.9892732760247601
42.221163621073835,39.844438257962146,-0.21276104619026182,0.9771042611840485
42.114133056972896,39.8139171137498,-0.9081048281265258,0.41874290577070417
42.176834565147104,39.74830425984876,-0.9782809629644759,-0.207283278392874
42.14523478225036,39.66713139137895,-0.8338301997814931,0.5520210122199655
42.07596882380532,39.59594610790831,-0.4666659762476524,0.8844336417238016
41.96429026293725,39.571657127659925,-0.27538390557659204,0.9613343354678344
41.85945999184894,39.53392497172684,-0.2872959292655538,0.9578418705754317
41.75065883449869,39.50758032997649,-0.08953369615502121,0.9959837936697666
41.634838007313206,39.513732638637705,-0.1881239043641412,0.9821453032045673
41.5367654288518,39.46661036101493,-0.36183563877643893,0.9322419055756109
41.429542843346944,39.43405041630124,-0.5301395885197474,0.847910382460383
41.36533885947655,39.35942920976373,-0.3568584914406701,0.9341584539502328
41.266192552104926,39.37164886305027,0.5703237654126454,0.8214199916032856
41.22827033512723,39.45459786614605,0.9837176007181989,0.17972112295784864
41.2346474364898,39.54431351669015,0.9859256464067124,0.16718438849816844
41.198877280007174,39.627935622915274,0.9975286783407208,-0.0702604859634123
41.24582954286463,39.70307233596381,0.9233423376111394,-0.3839777696362077
41.26640089312879,39.79030807182744,0.8861698228721926,-0.4633605993507291
41.33068159788322,39.865350550105305,0.8216402171445452,-0.5700064504640844
41.375636118302786,39.94776603402896,0.909889203801333,-0.4148513430203359
41.40758949954699,40.034031863516034,0.7694417040448458,-0.6387170453937832
41.4956412297484,40.09233229871644,0.5713823622607358,-0.8206839806511037
41.58006529800656,40.15411417471023,0.35472649634538034,-0.9349701133140731
41.69424081231812,40.16768073295773,0.04132790390003713,-0.9991456372117276
41.81156901247579,40.16368991913402,0.03313308516134631,-0.9994509486051284
41.924263110429585,40.1753062681608,0.32401021049519224,-0.9460535838391297
42.01435629981002,40.23314174805504,0.603307298015742,-0.7975088113374954
42.090986282114656,40.30143065048235,0.5237285394614037,-0.8518852134845545
42.192168323998224,40.34245839101665,0.3068469831700016,-0.9517588606992156
42.30385062379499,40.370058097797205,0.07357121985908462,-0.9972899656611643
42.4146843386769,40.358873651574534,0.23257042011610476,-0.9725795595667321
42.489176557954245,40.4143746063459,0.8792179205833276,-0.4764198233964761
42.492931443621885,40.50327624257282,0.9444883276702825,-0.3285449724080298
42.54767591004558,40.58254627192208,0.7641370420643135,-0.6450539364620618
42.617665236476945,40.65103708260504,0.9806692256106545,-0.19567286459854172
42.57799933932687,40.73452060915151,0.6719348143827779,0.74061029240781
42.47827004058711,40.7775064093701,0.28785911488262844,0.9576727676920701
42.365510392299065,40.79839094386007,0.5624493471273043,0.8268317434134161
42.329347447617245,40.878810472567544,0.9975519022301583,0.06992998181747902
42.35408841230468,40.96132560470949,0.9670379366985555,0.2546323408088622
42.290479735817065,41.02642154076117,0.9776654928751412,0.21016703842707463
42.32295174746483,41.10616869240281,0.7702532928904668,-0.6377380847898241
42.40827692591973,41.168695737228084,0.5334952661714705,-0.8458030509359917
42.505150063920894,41.22109135581264,0.562894904911632,-0.8265284786530497
42.58188111811511,41.28692628557813,0.9688328401458147,-0.24771541707167546
42.543702027270896,41.37187086153381,0.9462007291392724,0.3235802530691717
42.522985864435846,41.4591454845113,0.9930764391043166,-0.1174699369876843
42.56386306993073,41.54230984334206,0.9998171014006373,0.0191249508973922
42.51980864588893,41.625244600537144,0.8753241619356907,0.4835365669022154
42.473506642142915,41.705877957612245,0.6399313101708098,0.7684321168867624
42.369201944588845,41.750666146000306,0.8399545296080932,0.5426567867361901
42.410373957888375,41.80359825781315,0.3067834079128622,-0.9517793550132144
42.53082794101091,41.802762436730404,0.09089245025472589,-0.9958607144007099
42.64619837598508,41.82512200996116,0.09093484983421943,-0.9958568436706292
42.765743699334415,41.82421334038449,0.026731218678849665,-0.9996426571270073
42.885013262139566,41.83150810493225,0.05694296749124375,-0.9983774328645911
43.00510607934481,41.837865496147316,0.06639476995333919,-0.997793432792
43.125051003512446,41.84748059993452,0.12356326221651796,-0.9923366970088388
43.24190371673869,41.867350940603565,0.23470859641773287,-0.9720657769758269
43.352942075749695,41.902505676393176,0.42792853944263737,-0.9038125719033184
43.440966083700694,41.96160108781346,0.7295776473382478,-0.6838979869135362
43.48603114904219,42.04448418025949,0.8425551465587103,-0.5386100862473985
43.54421317777101,42.12311193340914,0.8475412344251779,-0.5307295506649744
43.5875823030076,42.20665489466818,0.8711375423954896,-0.4910390842174852
43.63703368724917,42.28778198332901,0.6385755509349091,-0.769559137265082
43.73964269915397,42.33283369827467,0.5745369813195562,-0.8184786234815249
43.7906971483237,42.39564715968431,0.9533635115192443,-0.3018244769790814
43.78560269666326,42.47800610129986,0.8493882340467434,-0.5277685362570932
43.87752421417311,42.535386236690144,0.8840627807807158,-0.46736816284195926
43.845748616385755,42.591776728548304,0.5745232384118452,0.8184882702426262
43.74277529753162,42.6299708346324,0.880729338320935,0.47361992422275484
43.779757802546875,42.71449125729824,0.9840885411573759,0.17767876396110993
43.71541076923477,42.78153153964159,0.5445210988019464,0.83874714482943
43.608827210724066,42.82546071245764,0.3944716574856397,0.9189081082679226
43.50496057632258,42.87187423622822,0.2945828981747049,0.9556259289612183
43.38633330461927,42.89404706795535,0.20462558157016186,0.9788403196472206
43.26989944487225,42.92101352867676,0.287695142254718,0.9577220395934499
43.16095091548723,42.96175086490522,0.41222009593936637,0.9110842949495616
43.06204601765062,43.015056813349304,0.6294359215303601,0.7770523924982319
43.0011456424946,43.091197965567424,0.6426934827280243,0.7661234151616322
42.9051819659781,43.14664854085573,0.37615890293828635,0.9265551682119446
42.79038346417061,43.17676229298058,0.06621392589087408,0.9978054499841729
42.670739026939415,43.162206070022755,0.0003393374110931816,0.9999999424250591
42.552620032504706,43.176842975012576,0.2832661307183029,0.9590413438365841
42.45163921746429,43.226920230335026,0.679523237804248,0.7336539847121609
42.409400563652724,43.309495368673446,0.974613869801802,0.2238923955608056
42.412040409314756,43.399295658957726,0.9797134978604769,-0.20040324875108456
42.44544438187711,43.48570316694482,0.9772388648454137,-0.21214193606085327
42.45021648822343,43.57515503268505,0.9320091658413951,0.36243470417114676
42.382702025746575,43.64704657674294,0.677382287113605,0.7356311827979708
42.299936245840875,43.713535754809826,0.6001752446202584,0.799868536538982
42.2106505295383,43.77614410228244,0.484220583166479,0.8749459565241244
42.104252234986184,43.82183298750845,0.6768599752437318,0.7361117944395776
42.09721139664932,43.88045218328168,0.8531731167509182,-0.5216278681718646
42.18044075138472,43.94644671687874,0.7163539118950567,-0.6977371087398528
42.238733842675394,44.025750686918435,0.8824578041257954,-0.47039156448375996
42.269192939737536,44.112946431496574,0.9049301797949906,-0.4255600659086869
42.318384202469744,44.19512281598682,0.9232534772052354,-0.3841913804712986
42.33955151456422,44.28202570334347,0.9846488903925248,-0.17454673485565367
42.349637864342746,44.37143023021261,0.98351310654751,0.18083685810494027
42.30763168838752,44.455627300564814,0.8034486779979498,0.5953740184315626
42.23516478289822,44.52591000780729,0.9226926865664081,-0.38553625790172324
42.346785938835595,44.54933402670532,0.5574694277194737,-0.8301974687736179
42.35454676675168,44.60607383475453,0.9099404598568885,0.414738905234889
42.287091296220105,44.68030454783781,0.5121051394712982,0.8589227707582809
42.17163877179046,44.715126857283366,0.5783360375687716,0.8157986440594593
42.1282810900127,44.792888291451845,0.9799377501424859,0.19930380288816082
42.137725567264816,44.88187143948099,0.9006043401053702,0.43463987689047906
42.05341413087064,44.948017887052245,0.5036708927641899,0.8638956139384688
41.94474863364234,44.99438140350015,0.6574762118272774,0.7534753021043575
41.91431373107388,45.069395726069146,0.8685775838066814,-0.49555320694002924
42.015335384165496,45.11810186047539,0.5522332598497196,-0.8336896465206655
42.082743954578895,45.1809633481112,0.7011052062774142,-0.7130578445895568
42.143213907582734,45.24383681903335,0.3915510563657515,-0.9201563835886072
42.26880489973161,45.26013723737862,0.12833584049461358,-0.99173076590602
42.394481332893925,45.27635231348488,0.10149198631574878,-0.9948363567510409
42.521338969561576,45.28590045379659,0.31302546926531505,-0.9497447318049358
42.609531454464644,45.34723047997105,0.7036972743555209,-0.710499926857569
42.6644826797187,45.42767364035302,0.8527524922544619,-0.5223152179994415
42.709088802941935,45.50977174645268,0.9999963924819103,-0.002686079515842244
42.66492777335716,45.59337686326429,0.9690415930692725,0.24689753117794938
42.669075155205235,45.66682025464265,0.6530503621754193,-0.7573144818782706
42.785329134785826,45.69720183237408,0.5113287596373634,-0.8593851869608385
42.85037263218686,45.774691108640305,0.6115185644054741,-0.7912300837224706
42.95219668341527,45.82616887480965,0.3928679160253839,-0.9195949111200387
43.064658300729604,45.86623790062065,0.36147084092696136,-0.9323834142452102
43.17234065594257,45.911515338140795,0.12497343819645823,-0.9921600877607182
43.299167383310376,45.895776890043784,-0.08847094286253972,-0.9960787580653516
43.427575847455564,45.88884554635775,-0.025805704630275445,-0.9996669773522255
43.55669571405335,45.8891289761008,-0.0543270067976112,-0.9985231976936803
43.68406793996756,45.874890489844674,-0.13519199648179087,-0.990819420523875
43.809763179448304,45.8545992775678,-0.1011382651908362,-0.9948723794106398
43.938424944674296,45.84903267458357,0.25990849939978167,-0.9656332491892321
44.0248495163312,45.9124916162042,0.3920938182951429,-0.9199252348178821
44.14502696352766,45.93709132475826,0.3236747880715593,-0.9461683949312781
44.240680538016846,45.98632525995896,0.7464831999960059,-0.6654042621773045
44.267244712732705,46.07420120172893,0.9687180029477124,-0.24816412062382406
44.283731470167794,46.15437619703024,0.8356920866262962,0.5491982668856366
44.18002295569969,46.20692290995186,0.6565409755973253,0.7542903601145334
44.13899577230296,46.280355423737454,0.9383243585459189,0.3457562698771925
44.120895630776594,46.367384524287026,0.8089075228360886,0.5879358974405144
44.02954742225703,46.43093917631927,0.5142995342100221,0.8576106279141801
43.92508604280787,46.48480935160184,0.6515890763240789,0.7585721294742733
43.87726258782156,46.56174695418575,0.8402124405998356,-0.5422573693932318
43.99077572161091,46.58659364899383,0.03175632286907633,-0.9994956407898111
44.11881424428188,46.569421617364924,-0.057353871399826194,-0.998353911914734
44.249495359616525,46.571730610276106,0.3395892089798832,-0.9405738509784425
44.31536255608993,46.64038434470823,0.956712408486646,-0.2910349935105421
44.297240613569556,46.72868244741509,0.9832566788424715,0.18222596826926923
44.282450043395656,46.81797400567419,0.9797530879226691,0.20020960692732662
44.26086801743069,46.906676720166224,0.9983917546965068,0.056691305806359185
44.272389748116495,46.99514607313077,0.9983946327367638,0.05664059782896591
44.25087320516365,47.082853655175896,0.8876196927551274,0.46057711735744433
44.189256881414146,47.155358916581534,0.937350353939008,-0.34838816565781366
44.29657528602586,47.20581667715759,0.6129964481494515,-0.7900856627962292
44.3568776364199,47.28540927984342,0.9562952362033104,-0.29240284064087846
44.34818768362378,47.374613566557635,0.9417572061743291,0.3362935691010493
44.29683556900498,47.45355120956499,0.8868683250803118,0.46202226566394233
44.26356120733127,47.537057125807166,0.9998119098908842,0.019394453855222805
44.29351736486845,47.624609391451465,0.9995440616812746,-0.030193852978710908
44.268402420765824,47.69732173805293,0.5800741395116464,0.8145636823906545
44.145377338501035,47.73010414917269,0.7876686342871413,0.6160991174804828
44.180541930250556,47.80964936620304,0.9259345018658639,-0.3776841249700794
44.212415784658276,47.89445633170984,0.8772803420334516,-0.4799783343877827
44.26374613425467,47.961725839905654,0.7911667546898491,-0.6116004956452635
44.32214835365573,48.036406446393606,0.957100548457402,-0.28975600104663984
44.313237943911965,48.12520351766227,0.9577615338665357,0.2875636351238118
44.27053131801818,48.2083225205682,0.7465916764211952,0.6652825480189523
44.18106124504458,48.27353451399619,0.8157319502298723,0.5784301041389264
44.16137322852709,48.36226288533619,0.8486521848029873,-0.5289512919249902
44.26801484706351,48.413043322191555,0.5393110578735674,-0.8421066338981623
44.34727252121671,48.481318525278475,0.9686474431835842,-0.24843939062456502
44.30734978102672,48.5664074208374,0.9997130748539108,-0.023953454158827815
44.35132055181587,48.65026572974232,0.9840178217362616,0.17807000450784188
44.279272745732094,48.721561587244,0.9999998213538254,-0.0005977393388879004
44.35140526958302,48.791995989916934,0.7664039227581418,-0.6423589550873655
44.40304933881322,48.869240491276884,0.7509872017745318,-0.6603167594199459
44.47950945955045,48.937690621753546,0.7944976616675214,-0.6072672110404452
44.515712978481865,49.01664018064646,0.8870162324492016,-0.4617382411839243
44.56174812966545,49.09567414752781,0.5648349548047505,-0.8252038983370809
44.68329305790128,49.13134526962603,0.7466931223938632,-0.6651686861012801
44.670161499367076,49.21737488182759,0.9584687788536095,-0.2851974753795528
44.73086594699497,49.29122441601567,0.5003023851106513,-0.865850751257163
44.85776276598325,49.32577388824016,0.5424203297329016,-0.8401072466610738
44.90916317732134,49.40634310216969,0.9405549910016444,-0.33964144167326893
44.912011581248855,49.47600288768915,0.9449438336834752,0.327232564369099
44.85754241103081,49.55540749889406,0.7441916649771817,0.6679661411916701
44.776591733225985,49.62687628673795,0.9898539228074364,0.1420887451655813
44.836866431093355,49.69944564790531,0.9002786914124379,-0.43531399907274776
44.85346087507668,49.78585038493545,0.8312065085745411,-0.5559637938780916
44.940794587410124,49.85482583795702,0.5631915292532168,-0.8263263891329038
45.0415179739688,49.91402269856943,0.5703501718338022,-0.8214016566145653
45.11926745179859,49.9787506292597,0.6645037167376733,-0.7472849593306546
45.19726561190024,50.052517235340595,0.8219215443069094,-0.569600715417515
45.230678934758515,50.139514995682276,0.7800741843337125,-0.6256870359341747
45.321547929291846,50.20746599054632,0.6026843101394747,-0.7979797129700137
45.411474117833315,50.276062853249265,0.7168731993135428,-0.6972035686268148
45.46812215822127,50.35817539760874,0.7173693322564388,-0.6966930752763021
45.55819366785644,50.427136703936405,0.5634249363813922,-0.8261672597383801
45.655841760341914,50.48619536406911,0.9876871566866587,-0.1564419397611255
45.578889654620106,50.557799621774414,0.6962144042696242,0.7178338967250655
45.50589313019422,50.631627889177786,0.9619958991171752,0.2730638937716554
45.53295413039063,50.71962909443808,0.9433682849269338,-0.33174731196200435
45.56731222714052,50.80628138615813,0.8981169655792889,-0.43975665559335236
45.61630535995884,50.88985767978171,0.7422118422139685,-0.6701653387615232
45.70531739828133,50.95912288120884,0.7096943962795023,-0.7045096620270533
45.76192096454162,51.036544920785495,0.9475957548999981,0.31947188498442636
45.65881385641294,51.09705852103658,0.8511639317138286,0.5248999536573201
45.67018409270406,51.18530301453713,0.9983493961820714,-0.057432422401406856
45.668974410669975,51.27367971831933,0.9753129013590071,-0.22082740872155276
45.70941508909594,51.35857180003656,0.9275540213484802,-0.37368909200064004
45.73713271292127,51.44285914767599,0.8369255369057802,-0.5473167690423631
45.81323707620289,51.51733045172951,0.909251482814663,0.4162472114012739
45.68913348514952,51.547708784694585,0.3856637732861444,0.9226393954165915
45.591676061357916,51.609943077445145,0.9470899644600455,0.3209682215096534
45.640679207663524,51.6906841849579,0.8848276176576879,-0.4659185411960126
45.679079203719326,51.77593070702717,0.9818654093744561,0.18957931815979234
45.60964141004761,51.85143452501634,0.7374174227660744,0.6754372987931898
45.539123151958755,51.92872953998205,0.7870051131943572,0.6169464740201835
45.48395704605263,52.01176324278674,0.9556402819924887,0.29453633295964815
45.486141522424745,52.10063152191933,0.9892998040861899,-0.14589687328735435
45.50987605146748,52.1875152407649,0.49903311941988954,-0.8665829133568549
45.653224248286605,52.19684829772101,-0.0018529900599097392,-0.9999982832124452
45.7980314543933,52.18698129075089,-0.13104537268959804,-0.9913763716654963
45.93291879903107,52.15987679255998,-0.2489131561652608,-0.9685258079616922
46.06107719100588,52.11937798686594,0.06267269032554387,-0.9980341346303535
46.154455224016075,52.17378842471478,0.5486288554724722,-0.8360660135078839
46.2482320486803,52.24218952770495,0.954040894640079,-0.29967644444359887
46.19944002788208,52.31700069021405,0.2812437588668361,0.9596363624302973
46.06424795124612,52.29611034725692,-0.08103495869805913,0.9967112598284439
45.92066900479554,52.29433595344172,0.1287370422231698,0.9916787655080802
45.78847430843257,52.331910532088685,0.2982624471996107,0.9544838985496296
45.66753516858938,52.37343662509328,0.42989770448990533,0.9028776017126076
45.56552110593851,52.438067855937526,0.34952278010179194,0.9369278660547536
45.44612518502128,52.45603405420474,-0.013576191465114679,0.9999078392658508
45.30752241771326,52.43456489351284,0.08636561551259064,0.9962635095481172
45.18015353644102,52.47909101144385,0.4193587564083591,0.9078205953951665
45.083159673457246,52.53820704692159,0.9097709808098279,0.4151105424779329
45.113078876622936,52.62609421373767,0.9986285463184645,-0.052354813320936014
45.092347798020334,52.71346358770198,0.9060730818173922,0.42312122424422677
45.03439129747594,52.79459603603651,0.6561619284592299,0.7546201187621918
44.92733784825031,52.856944054448164,0.46922535398470544,0.8830784603748002
44.81154294573471,52.913006915049806,0.3687047077020564,0.9295465768418176
44.67980754966114,52.95512696282786,0.386015212085803,0.9224924151657576
44.56866139597054,53.01464024167949,0.4844164032860165,0.8748375553366691
44.46041407295832,53.07660985784132,0.2642364166133558,0.9644579390182514
44.353927378000456,53.07347178335476,-0.14818042982935942,0.9889603430955087
44.21998294440081,53.040584967437226,-0.24005845765212575,0.9707584338596718
44.08251479521682,53.00635427632331,-0.13366900807250065,0.9910260320904359
43.93336214092438,53.001925722116674,0.05455882584800153,0.9985105580423712
43.791231707417985,53.02227004519694,0.1748015400400665,0.9846036875817707
43.650509427582,53.052141956851884,0.20187661590395062,0.9794109617270825
43.508733462343564,53.08049870705903,0.524399614510551,0.8514722804068172
43.486106661861626,53.15339334101561,0.9530096990342655,-0.3029397853478784
43.555886060875245,53.22883473259545,0.9945849638093561,-0.1039266556968996
43.502087319128144,53.30632928726047,0.4221643761542688,0.9065192990258272
43.354357443317944,53.32268624044502,-0.10278387898863461,0.9947037117755466
43.23001168481892,53.278215398932176,-0.3830328334918722,0.9237347284081007
43.113509083837485,53.22281684424656,-0.48388097525811413,0.8751338193575062
43.01945732273479,53.16179520373858,-0.8579948702152821,0.5136582547611409
43.02517567140376,53.075268130614006,-0.5921620446631581,0.8058189082296022
42.88007973311732,53.05937254077398,-0.05232210307566507,0.9986302606719563
42.73084691367529,53.05984710823317,0.053548534005513085,0.9985652479962741
42.58340580357138,53.07528182065,-0.14501920972921586,0.9894288396896028
42.502838540994695,53.026428237980554,-0.7597853998319334,0.650173935345173
42.47237365625363,52.94553099574308,-0.8312236837941644,0.5559381148110452
42.39797207512288,52.869634724914675,-0.786018845564466,0.618202535110868
42.34738771226163,52.786616559407484,-0.9132626336539156,0.40737128270352363
42.321562978796926,52.69833749433266,-0.8976978802405314,0.44061152482845517
42.264116548316935,52.61696065359018,-0.6860648145148323,0.7275404251893696
42.16511296235754,52.5508063774447,-0.6630238535764351,0.7485982698274516
42.09956584665567,52.47122021479742,-0.6743239648372662,0.7384356373077816
42.00494458486152,52.40454396824078,-0.798507299601929,0.6019851264628014
41.982516050477315,52.31595870989193,-0.9053807752109745,0.4246005792251994
41.925458643555935,52.23505516705039,-0.744673640310548,0.6674287747967094
41.85158363475216,52.16987283176598,-0.4642908300946194,0.8856828016225952
41.72413442977243,52.12951739871567,-0.11254522708069695,0.993646603104622
41.617842377092,52.14339816477744,0.3329223028147662,0.9429542620342268
41.51910524790307,52.20190562592928,0.1232805652337548,0.9923718568337405
41.3813770077694,52.17277383095293,-0.03973182768991375,0.9992103791836927
41.248354523323144,52.19113970379713,0.07642465068103925,0.9970753596234744
41.10520340538824,52.193942211943984,0.31732087964918937,0.9483182268303529
41.06594714528187,52.25217582860939,0.8421863101559041,0.5391866272321519
41.02033615953546,52.3265011980686,0.7315573214888245,0.6817799391123918
40.932779879328656,52.39506575951224,0.8245767170495933,0.5657501548384363
40.91235579300522,52.483881793332856,0.9991767720996717,-0.0405681906976475
40.93994495426672,52.5715384176553,0.9426031168314667,-0.33391520501409416
40.974142682423015,52.6582988718905,0.9426013146749425,-0.3339202922451256
41.00155131621653,52.74544290658525,0.9999886900373802,0.004756027473027946
40.97331645879182,52.832018281906684,0.8785869174084278,-0.4775824835133261
41.07995919420466,52.88968633719718,0.7024209132489327,-0.7117618004856225
41.11394875467549,52.97080497380207,0.9981320048142036,0.06109419747880118
41.06974792523513,53.05651387219828,0.9612270496722759,0.27575815305867546
41.06492913184312,53.1416756694046,0.9636134592605852,-0.2672996467110432
41.11675307048656,53.225967110076084,0.9311007727146229,-0.3647620471625743
41.13294956801485,53.31530634499858,0.999714946531295,0.023875210615410015
41.11251299917587,53.4035095297823,0.869581817405661,0.4937888848865147
41.04010169216421,53.478815138119785,0.18636715279758562,0.9824801699566873
40.91552550091005,53.44087618644483,-0.21693733586600913,0.976185531703558
40.803475440481044,53.426229777070105,0.45453825724391667,0.8907272156511572
40.77232801182025,53.51394989070456,0.8299399598167911,0.5578527252772931
40.693491419555905,53.58985743320771,0.8671692798061493,0.4980134939542144
40.67914424647615,53.67620673648091,0.4160020928846548,0.9093636559240681
40.56429208743644,53.648961612499306,-0.6326524671895601,0.77443583062702
40.53749601226368,53.56049139725776,-0.9231193090350523,0.3845136425234446
40.49223119983449,53.47596177734389,-0.4363890158994469,0.8997580934908629
40.346593793580084,53.46790247591654,-0.18095297023099266,0.9834917501253285
40.21893822678888,53.42567851344304,-0.21944367538468446,0.9756251705105098
40.07323578370557,53.40641709382936,-0.09290781141147293,0.9956747152452604
39.946989290476985,53.40030257479405,0.29889253049232756,0.9542867782883157
39.86168445149563,53.47267716831836,0.12261864906467404,0.9924538613464882
39.74481741726834,53.42528110824253,-0.2648753190066651,0.9642826688171457
39.600641516311555,53.40097222850426,-0.009738460471403367,0.9999525800694985
39.45935200413241,53.422500982767396,0.2370067881527612,0.9715079939812704
39.32877884818801,53.4672952008213,0.5857933876358645,0.8104604290168014
39.28323515007039,53.549796634556245,0.9256717788177238,0.378327580147722
39.258840657968406,53.63841624074811,0.9816969777420591,0.19044958359657096
39.24871734600035,53.72772311406818,0.7732043085930345,0.6341569972594859
39.15461464980811,53.76549518007268,0.2140034398018251,0.97683290677218
39.00775547916034,53.7805127652023,0.5841850197053824,0.811620516468024
39.01307592959639,53.86737136281851,0.8447057992905842,0.5352308965716155
38.92254003183953,53.91500048443171,0.21538857123151267,0.976528424257506
38.773234271595925,53.92027218040382,0.2112576371289834,0.9774304122313152
38.6528434384068,53.97329155493387,0.37379501301210266,0.927511341303858
38.52510471800861,54.02027051528291,0.19732040380439822,0.9803390526968051
38.373765566723755,54.02946371106892,-0.1721736551110716,0.985066613222524
38.27500372757416,53.97655692161118,-0.4640395000378992,0.8858145078991293
38.16590541342119,53.920574862719526,-0.7407638277912519,0.6717655479674829
38.15008965208319,53.838812690776976,-0.9694122967968843,-0.24543797346578083
38.20754037377874,53.75612825334885,-0.8768986254626182,-0.48067535890845364
38.24212611102766,53.67091008698192,-0.869557491325407,0.4938317216217124
38.1274023229695,53.615018155778465,-0.31248864609104,0.9499214946847918
37.984726363811866,53.586235196518125,-0.07476062347014382,0.997201508812715
37.83399523443538,53.59302130090458,0.00593035572195988,0.9999824152858945
37.684095974081536,53.58801807302143,-0.3050807599023054,0.9523264828499898
37.60261268487881,53.51889717927394,-0.7387556473420688,0.6739733626191771
37.54555562744569,53.43616123543927,-0.9721651466591358,0.2342966658346232
37.56195464431716,53.350195120178554,-0.9326512591821977,-0.3607791966644711
37.61101198257297,53.26694983801019,-0.9992245981849273,-0.0393726095423042
37.56860694582209,53.18136853297648,-0.9920249612255476,0.1260415657846686
37.58895896894645,53.09337900166301,-0.9873226790459028,0.15872595075040935
37.54091511839114,53.00911712028975,-0.7552548914987314,0.6554311930837894
37.45311667218626,52.936847606478956,-0.6729042576673252,0.7397295857360215
37.37739916721036,52.8603727928115,-0.5008426627579329,0.865538345286645
37.247554046329284,52.81789905444961,-0.2633481551873413,0.9647008599350495
37.10858414397557,52.78699052127472,-0.24152801439528615,0.9703938469828992
36.974435669293314,52.74992073873228,-0.07070230908939394,0.9974974603924702
36.838103507728015,52.76781893808177,-0.14052753318593866,0.9900767709711581
36.76089372796791,52.719611450477025,-0.5348899386233098,0.8449217440447084
36.66011898011156,52.655143256903386,-0.5215232241525726,0.8532370870218344
36.56085039244124,52.597339168949446,-0.7548182366116543,0.6559340132044325
36.540553470380964,52.51755285086006,-0.7407546379217617,0.6717756816061443
36.43298005095745,52.456338904872766,-0.5897166693111564,0.8076102091582029
36.35343581201343,52.38091960748289,-0.38935251806636406,0.9210888212737042
36.213086546403616,52.36338794539192,-0.14303489083403467,0.9897176466063923
36.07138415465133,52.34015724646136,0.10537140965896725,0.9944329369175591
35.96687769180536,52.389476556414756,0.28342822528439515,0.9589934520694801
35.82934128336544,52.41169243922337,0.25749917051128,0.9662785194683793
35.70660797196471,52.45883465101986,0.30515815468674873,0.9523016857215882
35.57119103089917,52.49441481161404,0.12853498617869866,0.9917049749436784
35.424873836629786,52.49535024195294,0.2076946714370275,0.9781937044658718
35.337848762886146,52.54395913546941,0.7071467322664631,0.7070668278492941
35.29206037463037,52.62817871297535,0.5609195147015136,0.8278703388979572
35.16207332006535,52.66305493036735,0.13572179148075247,0.9907469885481637
35.01665420868225,52.66590642616487,0.15795317254233124,0.9874466037633693
34.885749353542195,52.707256051719604,0.7977317949373874,0.6030124238736496
34.93136194984035,52.778740497315724,0.6465781815076839,-0.7628477273992604
35.04027037398508,52.838225728647515,0.7987456538463106,-0.6016688295579469
35.040775668882134,52.92399271624818,0.830746951109139,-0.5566502521537825
35.13776001480107,52.98371963897854,0.6156866663542115,-0.7879910715697468
35.21409672147161,53.05941488653399,0.9718476868190054,-0.23561000323532194
35.177030649133705,53.14570374242075,0.8363569541500909,0.5481852289553073
35.11197869940771,53.215214629733865,0.38930319713993666,0.9211096681159218
34.96651455772348,53.23467749904523,0.21553623811415756,0.9764958423155712
34.834133363265956,53.276541812026366,0.3961955336508655,0.9181661609507866
34.725771848323156,53.33855977033766,0.4232511658711301,0.9060123898649118
34.61015638344099,53.38117450678824,0.8891337563475119,0.4576474225026983
34.660218279291534,53.465919585359295,0.7916114542273085,-0.6110247994444464
34.73558352010856,53.54367127966434,0.8208432671358779,-0.5711535089603301
34.7725755420474,53.627395793068935,0.9322725514720056,0.36175667204887424
34.67777705368034,53.69264263558543,0.47204547512842165,0.8815741996058997
34.5586941860221,53.741920159107785,0.7779406227937116,0.6283377972136741
34.56561843535315,53.83150543483139,0.9897174900148914,-0.14303597435129078
34.584426994203675,53.91997473901334,0.7504801900483995,-0.6608929446929497
34.69431068544447,53.977642543847075,0.5267989684780295,-0.8499899098286309
34.789993897311184,54.04737911318067,0.7176081437984408,-0.6964470919992101
34.839913666251675,54.12766956813781,0.9430667614733146,-0.33260349277215134
34.84988812514644,54.21720371425374,0.9596505880718573,0.2811952147767424
34.789625360640414,54.29929127262272,0.73152836800971,0.6818110051891582
34.70376658008676,54.37398037901132,0.5571093628994311,0.8304391354998812
34.58960842638235,54.43347486543537,0.20888501787462696,0.9779402074296345
34.44039075153555,54.43023664522954,-0.042261982358619554,0.9991065633089994
34.305067653239185,54.42143885488705,-0.4098271912031799,0.9121631835096788
34.252670016724586,54.345895309305234,-0.45197201573457035,0.8920321165702664
34.105589766966936,54.32036802943338,0.023386485396708206,0.9997264987489277
33.96671051665963,54.35258472654154,0.27017455598222895,0.9628113570683539
33.83286593754345,54.396897080507955,0.16813102888417888,0.9857646560545511
33.68334602458732,54.40091508948237,-0.08512303912087886,0.9963704472789351
33.53819733225238,54.37172262126502,-0.26511720670243155,0.9642161929309734
33.41241791033107,54.326421728558365,0.1000184490771335,0.9949855827318327
33.31401892573543,54.39425759757578,0.711570702310909,0.7026145000017859
33.26542598816525,54.47528735158394,0.9452665608172287,0.32629914036167573
33.25614835853169,54.56190472031288,0.9545951176892451,0.2979062961467184
33.212009851041884,54.646451185189754,0.9949758832170807,0.1001148930798519
33.23874798226364,54.7348355821758,0.9741636120002979,-0.2258434348271676
33.25322406172219,54.82422648502433,0.9733048813064539,-0.2295160299957929
33.28065918709667,54.9125677442656,0.990057043302944,-0.14066645302357136
33.27851892084702,55.00226007368455,0.8691310225060449,0.4945819100185498
33.1970008600821,55.059580899875336,0.6011995641026908,0.7990989201111053
33.11549551068077,55.12491022457808,0.789645505233096,0.613563343156327
33.078581908188134,55.211984061081885,0.9523937665010777,0.30487065048950013
33.05907586378289,55.301161103196485,0.9516957020361093,0.3070428157863282
33.021759496010475,55.3881081801573,0.9519061801741778,-0.30638966063854994
33.10205098345347,55.434678278426546,0.06229873644457564,-0.9980575471571814
33.23681336813904,55.401531839483646,0.09333538139239608,-0.9956347254793477
33.3394161587948,55.456929982392666,0.952798884965682,-0.30360218182376963
33.28099092354367,55.54017486660943,0.8877482920237931,0.46032919743248735
33.25187359219362,55.6257564752874,0.9462713333016061,-0.32337372152294747
33.33584309370476,55.700685856644036,0.5663879478252483,-0.8241387580731196
33.44676266605206,55.75969365699977,0.3630448766853963,-0.9317716552420369
33.58893867629481,55.79929913174646,0.27758833893172513,-0.9607001166280379
33.726998984181165,55.840666202658284,0.6348271178228464,-0.7726542114534406
33.7332194460123,55.917842904419,0.9664840609292571,0.25672662497234744
33.68450907256493,56.00062554591615,0.8248342715877045,0.5653745876977325
33.62093317519757,56.08165918907713,0.8862334967582173,0.4632388036679386
33.59613561830979,56.169694964896166,0.6120966506287286,0.7907829602925773
33.45565833822217,56.20958831656923,0.6378100640028819,0.7701936913897955
33.47017674979369,56.274003575688624,0.8405439076856398,0.5417434256662048
33.3854303807259,56.31855074975447,0.28259839988912727,0.959238314695626
33.23264232461303,56.3439828993314,0.357188369569787,0.934032370233536
33.160834395484756,56.404439714994666,0.4620438225925081,0.886857094465677
33.06740746282136,56.43006863698203,0.49285536254412327,0.8701112524335614
32.98766208052681,56.50252936023543,0.659694732230103,0.7515336720785386
32.90079210200873,56.57632326258345,0.5640051336247996,0.8257712814362533
32.78628251191525,56.6400724221672,0.34453957400284735,0.9387717943919791
32.63952033463982,56.67221287491097,0.18647991964916621,0.9824587724518726
32.48268370920681,56.69769833169352,0.131403217152333,0.9913290041767246
32.32185475478392,56.71432026710443,0.08520473582914716,0.9963634643001946
32.15933238000633,56.72534995238385,0.14995945775793595,0.9886921467418187
32.0259671476176,56.75919889315014,0.511873498715031,0.859060836794015
31.963568170660732,56.8419965348714,0.9368524370522144,0.3497249078766431
31.96193452641886,56.93073119145026,0.9896924401090541,-0.1432091966005898
31.98922910582864,57.01933454209896,0.819359839813541,-0.5732795591164302
32.07608273978386,57.09387753136494,0.6067234607482251,-0.7949129777388823
32.17872717544457,57.16397040517107,0.44031509980880573,-0.8978433119873209
32.3181008362024,57.21256663987341,0.2567068956575918,-0.9664893014006116
32.47406444863352,57.24241422701415,0.1639045417793039,-0.9864762040637962
32.632649970128455,57.26482946329565,0.2978503164403395,-0.9546125858149942
32.74680611510669,57.32751282394512,0.7532673404239287,-0.6577144622483687
32.76468625447784,57.41604800334618,0.9000407061476481,-0.4358058366718406
32.82742549042828,57.49401063876962,0.6929260448929803,-0.721008665904212
32.91971867620904,57.56504205556836,0.8419088181221251,-0.5396198124311286
32.93043133566552,57.654719210667025,0.9692979764360888,-0.2458890662003974
32.96467500318218,57.7422604957228,0.5749619691334752,-0.8181801354531634
33.10055377149563,57.77426981628579,0.21969484476337636,-0.9755686419644678
33.24981215470356,57.80647244303757,0.45945040288887795,-0.8882034267470756
33.31456237579719,57.884972315856345,0.8886555351782325,-0.45857533710077464
33.333485458293666,57.968619724773426,0.861390731060664,-0.5079429184886575
33.41100231220192,58.04851917181074,0.31745376774998224,-0.9482737502121106
33.55051366540434,58.041274295291586,-0.23670749795809945,-0.9715809592671197
33.67872184924183,57.98329432239107,-0.10105658882985481,-0.9948806792043324
33.82596922958446,58.0132944578376,0.13177501317082946,-0.9912796507060092
33.98299989478397,58.023743295019884,0.06418601660589894,-0.9979379516143613
34.14831775196589,58.03402747793869,-0.005498268957816483,-0.999984884404993
34.31458206896866,58.02192013948652,0.07710697861296642,-0.9970228251395149
34.46196501724196,58.05828408708129,0.06813359790011346,-0.997676206410269
34.61797964056154,58.04263985597766,-0.14586955267123425,-0.9893038328054198
34.77342542627244,58.012360287907036,0.01167175965118514,-0.9999318826933388
34.92825207179072,58.046261527919896,0.4908109042209862,-0.8712661225468242
34.9815852921262,58.12962311878993,0.8503220017296069,-0.5262627607712276
35.03288917026861,58.21533149384814,0.700380243426577,-0.7137699311526989
35.1399206868812,58.28498828266348,0.737167152601979,-0.6757104328961413
35.17501184539304,58.37038040628332,0.7677484162110343,0.6407514099909952
35.035785097666,58.40976355813621,-0.027012842348884316,0.99963508659322
34.90723903803633,58.363144461159486,0.0585597968820321,0.9982839025994235
34.783712334611536,58.424550263366584,0.6508812261663108,0.7591795765326145
34.74307327112109,58.50389168219558,0.8924580575257558,0.45113037534326456
34.70304874626474,58.58412468642391,0.9807735781371703,0.19514914406169495
34.70994569239025,58.670383080777356,0.976125390654789,-0.2172077846649042
34.7406206061017,58.752971518583074,0.8749212781119331,0.4842651723043702
34.64210854637209,58.7929443672214,0.24957287214887416,0.9683560200088402
34.47732095784366,58.82083132230583,0.16339380077749002,0.9865609286138823
34.3115434360409,58.847692419992285,0.16572660431917768,0.9861717358659366
34.15081965130022,58.875700013905174,0.13136138157096544,0.9913345486927041
33.98133839024127,58.891447770872716,0.04531280449223848,0.9989728473532442
33.808887721189706,58.8912098395624,0.19902376245900286,0.979994664259282
33.71882173925205,58.94476137909272,0.8100104902500951,0.586415386637152
33.70570739808827,59.033731925449054,0.9077826136181435,-0.41944096892484434
33.78595636023378,59.09005868244217,0.303459413514966,-0.9528443652292606
33.95113833042987,59.111896135161196,0.2325079366219425,-0.9725944989602844
34.092079840123624,59.1632404028167,0.5950980359949533,-0.8036531139459048
34.13679523530567,59.249373434188904,0.9531051228684263,-0.3026394302829059
34.14780593238477,59.33873909431862,0.9895243919221394,-0.14436577776994244
34.162865442237745,59.428066099862455,0.8783086309562355,-0.4780940794318451
34.24006192599734,59.508222965659705,0.25734562358959695,-0.9663194244240779
34.404853742930925,59.49251128079255,0.045093837739857694,-0.9989827555057652
34.56862392304145,59.52305417400693,0.6274500093048518,-0.7786568472846953
34.542404983508895,59.603351540505805,0.9999504283975947,0.009956944685330676
34.56712669898508,59.673416547595515,0.4767526734472161,-0.8790374783596728
34.728186878798134,59.704111766818926,0.45091823617759474,-0.8925652605173962
34.79160979498804,59.78682396571827,0.8572370222374042,-0.5149220209949738
34.82785117523828,59.870031889129194,0.9275444173303126,-0.3737129297728018
34.860526852756706,59.95787406085685,0.9734014870580141,-0.22910596891667165
34.869590192904305,60.0473682634566,0.8618169239770302,-0.5072194688167735
34.9558681362617,60.11986849665793,0.6135831999192916,-0.7896300759069419
35.04611937916503,60.18454052460761,0.6132750116445437,-0.7898694576272618
35.13666014317557,60.26024007208054,0.5897663361870075,-0.8075739400826116
35.24675048573764,60.33106020135247,0.42973150666017684,-0.9029567166722745
35.383916118950225,60.37791313551592,0.18512760749832874,-0.9827144900437484
35.563950001597924,60.390815489450674,0.10087458813315046,-0.9948991493960416
35.72636565702996,60.41263470114511,-0.2357668476377151,-0.9718096488278836
35.80539514862731,60.33223944911067,-0.32860930775059966,-0.9444659458443547
35.97520190196573,60.32605677152108,0.17227118244472592,-0.9850495620521315
36.10900441727274,60.385336399483165,0.5388212215855842,-0.8424201393420142
36.19019215903664,60.463566913472846,0.9966663949460791,-0.08158490782728323
36.122152235126876,60.54595419719923,0.9954715005344162,-0.09506046298939326
36.205237988459636,60.621126575202716,0.7034680710746077,-0.7107268624292815
36.27949806429962,60.70169302288741,0.3254310335179479,-0.9455657790039994
36.45996185873668,60.708793720320074,0.05096592454175556,-0.9987003927783367
36.64222297401742,60.72020368986198,0.1820338535859797,-0.9832922638507018
36.79059061507213,60.770001998707606,0.2488474968485394,-0.9685426801706861
36.960575260130334,60.80199788555117,0.19090133046452565,-0.981609230817882
37.10700808630851,60.83153821326716,0.38900877240813764,-0.921234050059763
37.20842440448014,60.90665694736035,0.7669503353212658,-0.6417064618270555
37.24242268733626,60.99338210894795,0.9031329008537397,-0.42936111071627037
37.27999944329379,61.05721034127311,0.034495651007088644,-0.9994048479278042
37.4067774658362,60.999055010267405,-0.4840989002712493,-0.8750132883311926
37.513637039559384,60.9279509289619,-0.8771617765344883,-0.4801949789271647
37.49375865404873,60.84016835604198,-0.833172595637077,-0.5530130431367561
37.61395928936025,60.7768048569043,-0.4868658645231223,-0.8734767483809474
37.73123595737199,60.70780124632623,-0.6165061909934355,-0.7873500596728025
37.80575623460326,60.62662514623649,-0.45215712331870656,-0.8919383027049304
37.95306829505129,60.59534607833989,-0.2019500080387694,-0.9793958312414552
38.10076527721637,60.56579470707513,-0.11193872079481859,-0.9937151114815653
38.26507090684588,60.560200016007336,-0.399535814885541,-0.9167175860774934
38.30904918931913,60.475017695906836,-0.9808836965387802,-0.1945948968098034
38.29918866134633,60.38822454439611,-0.9729191917466998,-0.23114550900017186
38.34949283095809,60.304785553803484,-0.5844143446939243,-0.8114554046378464
38.491314006718085,60.24985488517295,-0.39903312550570025,-0.9169365107515088
38.61880866981636,60.187584482990275,-0.5795152580191727,-0.8149613890994909
38.69355761065671,60.10604039790169,-0.5093909615510106,-0.8605352103720898
38.84083090942463,60.05615915517497,-0.14666983516081467,-0.9891855030548616
39.016201928005614,60.05820084839859,0.2912930064249857,-0.9566338821136815
39.101391305247205,60.135499248050145,0.6822097736374113,-0.7311564981271739
39.184576041257195,60.21530328266812,0.7653038665791316,-0.6436691633122024
39.2397129908258,60.29995969891331,0.5421238461835323,-0.8402985989510954
39.39139699761083,60.34873510377284,0.196109883378618,-0.980581926022107
39.56510787817606,60.3650365188269,0.2192407253402003,-0.9756707971197573
39.70754549478192,60.41977610042829,0.2041580313483587,-0.9789379440168628
39.88603121584737,60.431965252392864,0.2776816855392587,-0.9606731397910927
39.98920005321387,60.501188090923,0.8985122414506147,-0.4389484616254991
39.963023140256645,60.58956504513026,0.9946509712214086,0.10329300774161176
39.97076242390362,60.67873162752264,0.9964054479789058,-0.0847123558753724
39.978215235416776,60.76825782527249,0.5941392029212968,-0.8043622365278259
40.12729907351643,60.79435684711325,0.025946344792083114,-0.9996633369249521
40.30798795794819,60.77681710362729,-0.12246295754774106,-0.9924730847880259
40.483915966434864,60.75035327655032,-0.1434301555804734,-0.9896604420053178
40.66078729272184,60.72568637097646,-0.1638422956482308,-0.9864865443363724
40.83167256121343,60.69259553100128,-0.21982853110479855,-0.9755385266160977
40.992645115426434,60.65090529805068,-0.27161268094026975,-0.9624066456298186
41.147892853816764,60.60335109172842,-0.18112066177965358,-0.9834608817215357
41.328132922418696,60.58911964419216,-0.0686121811756956,-0.9976434075331293
41.506605603333746,60.57868088995688,-0.20075264828055656,-0.9796419622537323
41.60388573252892,60.53261113492712,-0.9398221713083718,-0.34166399622614263
41.55466901512104,60.446471876056194,-0.8643792473478991,0.5028404486059961
41.50364548926434,60.36029885124507,-0.8450669411227621,0.5346605138042438
41.4462873812876,60.27516740637349,-0.8498037719863899,0.5270991833779519
41.39756930954766,60.18927992258074,-0.9999774340162791,0.006717995104059972
41.44513850181539,60.104156036342225,-0.6452463873848652,-0.763974541177113
41.57171932803306,60.04219430096097,-0.3050427870284022,-0.9523386467438695
41.73945026313253,60.009885284825025,-0.17144313390002472,-0.9851940173582756
41.908483285106584,59.98359074961169,0.16180992968236457,-0.986821942731407
41.98597686487954,60.05030843551329,0.6435852009380143,-0.7653744764058804
42.076883965641784,60.125194878259,0.4590566328297563,-0.8884070057439925
42.21996010635797,60.171211983411055,0.005671117592058642,-0.9999839190833305
42.37683626139293,60.126895970355335,-0.3504125432696635,-0.9365954567043802
42.503178516626676,60.06525024429238,-0.1456307941547034,-0.9893390075165692
42.67534107072294,60.082956034588676,-0.144617918639287,-0.9894875732460922
42.79476940673921,60.02263296564995,-0.7780500517330152,-0.6282022898702713
42.79648408825285,59.93291625826805,-0.9269149927107243,-0.37527136353321444
42.864681046700255,59.84995219769908,-0.6833035102552519,-0.7301344484907221
42.96446859046686,59.775706308417604,-0.7365198056037268,-0.6764159784876821
43.01116552514368,59.69045164919292,-0.9852065818692705,-0.17137091655665623
42.994607839656275,59.602436612073326,-0.6953673206961267,-0.7186544992608688
43.14160901455317,59.56423503213115,0.0309369329035426,-0.9995213385328608
43.282708901911676,59.611353843640906,0.17367265901560525,-0.9848034359761593
43.44011852227017,59.61687796375868,0.046879489944294556,-0.9989005523186795
43.61534544438699,59.62696483856115,0.05139062827125617,-0.9986786286518228
43.792014097566074,59.63498602593354,0.01686492227529341,-0.9998577770846454
43.96321884888902,59.632832531010045,0.24774301888885986,-0.9688257823736082
44.06531962266726,59.70487427323192,0.40227555713811664,-0.9155186377836432
44.20793136853859,59.74035832143963,-0.020351972636122023,-0.9997928771549728
44.356052841792405,59.698956052913246,0.056287123116895224,-0.9984146231757742
44.49108557720692,59.75632156500039,0.1654302548629367,-0.986221491743099
44.66417101636948,59.75064025222845,-0.12606698037640998,-0.9920217318480347
44.82610959676577,59.71374642259835,-0.5019811868448226,-0.8648785394804654
44.871270251216416,59.63043849561466,-0.7659340414459198,-0.642919158335105
44.95950963596863,59.55482188312703,-0.6364508007776963,-0.7713173005899902
45.052529681451055,59.48087266916023,-0.6031821380438196,-0.7976034781424204
45.15163324742651,59.409529724926124,-0.8024217543583444,-0.5967573444311154
45.165298632835835,59.32923941210566,-0.994932053373874,-0.10054953589771883
45.16831488691454,59.244465831977394,-0.6727759022198769,-0.7398463255245853
45.30865386573765,59.19887998092909,-0.11730764548506543,-0.9930956229441101
45.478630240688425,59.2078103854443,0.17957167088346065,-0.9837448932605048
45.61938985361099,59.255601373770176,0.006748071125368291,-0.9999772315088414
45.7671105388847,59.209757115338896,-0.07600373004244725,-0.9971075333280933
45.932109658851594,59.231764554909624,0.30868303986646434,-0.9511649598775171
46.04529965929328,59.300038262109226,0.4970407606830442,-0.867727193430989
46.162705329165426,59.36385151524772,0.6291343836873045,-0.7772965503991353
46.22729788261807,59.447345412777565,0.7858126692554632,-0.6184645898009069
46.29361108558141,59.53017858322628,0.9146231868232205,-0.4043073411717082
46.30340265119597,59.619509454537074,0.6823257378423787,-0.7310482798542469
46.43501919566532,59.66216219594901,0.10967716870437927,-0.9939672623708444
46.61180952258556,59.65353994401447,-0.03731294215010245,-0.99930362970826
46.78893642436259,59.64894730040804,-0.04193567330593191,-0.9991203127273401
46.96559485890179,59.63869065499973,-0.10294972448407537,-0.9946865607962405
47.132896183575994,59.613347581018765,-0.4815570794928145,-0.8764147301308618
47.16719189958644,59.527920629338475,-0.9990031623426601,-0.04463946269126297
47.14063562722389,59.440143688926874,-0.9083221364070063,-0.4182713192570247
47.241313759105154,59.366956865645356,-0.8001947019667053,-0.5997403095877544
47.26180087019469,59.27848074258533,-0.9251472855845764,-0.3796083507715423
47.31135925667478,59.19624828715321,-0.3848217180086472,-0.9229909237629984
47.47695446599419,59.18877696084743,0.26973915914349395,-0.9629334276182134
47.56105468644238,59.266193553706145,0.921470012086875,-0.3884495035710748
47.545153580613054,59.350557162377946,0.9930886587370916,-0.11736658761233769
47.58094559481838,59.434498996694984,0.8670146423502699,-0.49828266069594823
47.64141781701293,59.518057477112535,0.6169584885041374,-0.7869956946913307
47.76439007863412,59.57830871792068,0.5732987664399967,-0.8193464007355973
47.84193747528429,59.65836159345543,0.891760657625986,-0.4525073806143596
47.85005432274928,59.747128069692245,0.6727974892791606,-0.7398266948547191
47.98997577391738,59.79298744073857,-0.02321434901324097,-0.9997305106877009
48.13295753429686,59.740558885477476,-0.30462188482713204,-0.9524733630314107
48.28902511554811,59.697344898238555,-0.26718880549311375,-0.9636441989755156
48.44500939609391,59.65403653179746,-0.2330665919493393,-0.9724607774697754
48.60997502571228,59.62042385064316,-0.14279106061446525,-0.9897528545089406
48.783205501779854,59.60524517908089,0.11434516592373731,-0.9934410818110317
48.91387509975333,59.6554027789628,0.47920613236317483,-0.87770238845837
48.99419257222775,59.72043946285806,0.1542445034573695,-0.9880327085442008
49.16458790089522,59.6945422438693,-0.04633366716117122,-0.9989260189260253
49.33872606421064,59.70445879978496,0.06662352720133789,-0.9977781845797455
49.51492327715142,59.717934796272544,0.06622478397968205,-0.9978047293868898
49.68554357529978,59.727477246256306,0.26439961828570185,-0.9644132111550396
49.80042531177035,59.79620687726429,0.5145936646736429,-0.85743417256239
49.91385730197331,59.86450093981067,0.24691419420603186,-0.9690373474224748
50.090781044304734,59.87019056006302,0.3346410876108372,-0.9423456597674953
50.147697421514955,59.94754107600631,0.9798243956489577,-0.19986033546242915
50.124694683994065,60.03645372296611,0.9997603129266927,0.02189330255401513
50.14380001251275,60.12551673016063,0.9951671669483203,0.09819526377607869
50.107238303919125,60.21336669856507,0.8383546015726198,-0.5451252718614448
50.23422734249818,60.264585990226934,0.11788017117320684,-0.9930278270240845
50.41064333923372,60.249383249687185,-0.1992146902068351,-0.9799558700297656
50.556263144579454,60.199119509021834,-0.5242823670765342,-0.8515444789161787
50.621568891454245,60.119519748093175,-0.42089558352048717,-0.9071090936447216
50.788683932913074,60.09127704110553,0.03930038118394395,-0.9992274415961547
50.94459572816921,60.13222464118064,0.19169972421695158,-0.9814536238331104
51.1137688745348,60.154773361402945,-0.1407883845767483,-0.9900397117127522
51.22840969998951,60.09186493627167,-0.6527971886198598,-0.7575327257155344
51.284763067599656,60.00742061383996,-0.43342767074818844,-0.901188356687879
51.44605616756116,59.9871875946415,-0.014574713126797123,-0.9998937832276343
51.61039660081534,60.0026740943489,0.039315246953446466,-0.9992268568032936
51.78343699609179,60.00046206830154,-0.3253675491728303,-0.9455876257361165
51.841601559728225,59.92311870594211,-0.247819062855556,-0.9688063336319566
52.000214599427714,59.94501071477313,0.46482155290368876,-0.8854043844234132
52.047436807405695,60.03117854972757,0.597291871897524,-0.8020239521143692
52.187617864752234,60.08457568268999,0.4981347361058257,-0.8670996394214332
52.275757537189804,60.162345120797056,0.6914414408693047,-0.7224325116220751
52.353624969620945,60.24346137780805,0.8724081434892922,-0.4887781001370321
52.3701787918527,60.33087532185004,0.912843917228201,0.40830868565274603
52.281344740438726,60.405056195315716,0.3786983665504755,0.9255201495224193
52.112293234129936,60.43639527138,0.14791511429695187,0.989000060142829
51.938609140056634,60.45631582364863,0.4760856308822298,0.8793989265785291
51.91225416747922,60.54469165697832,0.7240310622611791,0.6897673672195203
51.795782863309555,60.606236892383514,0.7219491808821735,0.6919460818760077
51.76862593242732,60.69454767808063,0.9647879620921094,0.2630288733241172
51.747591863652644,60.783001122722894,0.8102234145339907,-0.5861211637032747
51.87411442693272,60.84036948678687,0.15967486017882915,-0.9871696607102911
52.05509907434409,60.8327404662475,-0.09219304533871517,-0.9957411523037369
52.22838778735302,60.80756825134133,0.008084476869755311,-0.9999673200828828
52.388014499855785,60.835432001263776,0.11799916011539001,-0.9930136948763911
52.550310278884105,60.84582208793887,0.3040800922909103,-0.9526464703510696
52.64956420927843,60.9189173888185,0.573963788230181,-0.8188806810521663
52.755655629095855,60.989751231500485,0.4238666675056361,-0.9057245984170168
52.90880945331782,61.04024060102861,0.12006486939001922,-0.9927660485423329
53.08455363729837,61.02952807162858,-0.28727713043475167,-0.957847508912131
53.181192307968075,60.95854767586516,-0.9293794184437536,-0.3691258546527866
53.13850172649912,60.89369839961954,-0.6751699231047751,-0.7376622363485149
53.29888756586384,60.850823172281196,-0.39065761378283703,-0.920536055129564
53.40317947329388,60.78137430714311,-0.2894408536971184,-0.9571959006447338
53.57043224733155,60.76871236887305,-0.08331476389854228,-0.9965232812717073
53.74310429466475,60.75295474408019,0.18433595768347708,-0.9828632940063003
53.83936374072619,60.81915045592794,0.463642408553117,-0.886022413368344
53.97484468494454,60.8742210586646,0.10127609489001226,-0.9948583580610002
54.148912620474505,60.85066238068031,-0.032196380704891184,-0.9994815621458486
54.330962788474615,60.862749397283935,0.024231938997990247,-0.9997063634549886
54.51290996263879,60.85948533281225,0.09430491687339532,-0.9955433605089745
54.68141482748245,60.895946696083506,0.2883014564710211,-0.9575396964077718
54.813405480296254,60.949960219366474,0.5954119170259509,-0.8034205928798952
54.86700957403943,61.03349025025272,0.6722332073242417,-0.7403394592824045
54.98284456749453,61.1038120499089,0.37327617397234997,-0.927720269232361
55.13867081153848,61.142795469415546,0.09556751525316419,-0.995422950322292
55.32413050791269,61.13657787001185,-0.05322878364473946,-0.9985823434207624
55.502541871194296,61.1233995587662,0.18711204215840588,-0.9823385789427751
55.61587161992912,61.192147585404385,0.5714584641645244,-0.8206309912102534
55.71177923797966,61.269105077506914,0.24989044713842112,-0.9682741163683763
55.8799175129301,61.26029207584533,-0.2385662727980614,-0.9711262191307785
56.00996326074121,61.195853372922286,-0.3630080243611761,-0.9317860131217873
56.167544569887454,61.14823745361603,-0.43290854467950757,-0.9014378469664288
56.26548308994602,61.07314195385988,-0.3902092725184395,-0.9207261936323037
56.43182239349779,61.03623492994836,-0.32865063258082133,-0.9444515666270167
56.55556237829671,60.972200047483966,-0.5050600734417531,-0.8630841918463176
56.66465102934517,60.89998814309797,-0.684914919982775,-0.7286230523288354
56.720368213350184,60.817280470114625,-0.30148274178737505,-0.9534716337701752
56.8917597005197,60.828177569564026,0.20320555222690076,-0.9791361006234834
57.037275089488716,60.88304991394294,-0.019988180921052725,-0.9998002163549812
57.1497065243134,60.82302065151414,-0.41288605028265585,-0.9107826905919919
57.284507985367206,60.77097157194803,-0.22190926545620107,-0.9750673196783335
57.45952061637136,60.75251206589234,-0.14061714651640114,-0.9900640474765181
57.62974960343983,60.7219374803498,-0.12338174999808343,-0.9923592815948317
57.79633643492217,60.71063517121257,-0.057885756239548516,-0.9983232138063182
57.96825959012574,60.70230966212123,-0.026177712106696664,-0.9996573049744892
58.15096247675518,60.701348690353136,0.07016954087502501,-0.9975350798510237
58.326652607299145,60.727520077249316,0.25423957728231084,-0.967141270623538
58.4673164005038,60.78451098555081,0.41357149741307564,-0.9104716450980265
58.59125588799024,60.84771313938916,0.6364368817483205,-0.7713287856358496
58.64720660128257,60.93294153886711,0.9647277613418116,-0.2632495897364639
58.63897480571836,61.022588111538546,0.9858629398668591,0.16755376390004975
58.61682616801554,61.11169576412538,0.9352746464430002,0.3539227821445251
58.57241961995841,61.19846652618428,0.9975284197833415,0.07026415675541695
58.60448603824887,61.28688651164857,0.9228594516158047,-0.3851369010668495
58.64563772884143,61.373910695841765,0.8823179281351463,-0.470653878865672
58.69695628700644,61.46023716689984,0.5646875259358639,-0.8253047910029562
58.8460676927558,61.51104827420076,0.41216345339029287,-0.9111099207501738
58.9640773228417,61.581076075680905,0.3618850878704168,-0.9322227111463337
59.13042958246663,61.62143641022725,0.19478922157218118,-0.9808451249607675
59.30926107650207,61.64962723932925,-0.16100765357955693,-0.9869531576973679
59.39483481945402,61.57830238054259,-0.8086595204948368,-0.588276958509392
59.424591714047395,61.491090997671776,-0.9998045978655841,-0.019767804299862763
59.398273236596374,61.404396102629335,-0.769454355205523,0.6387018046438047
59.291897815007395,61.33123251945365,-0.7705412393811939,0.6373901461529616
59.265738288399255,61.2441745431002,-0.9996925622462193,-0.024794777466009346
59.29624888045362,61.155803327947574,-0.916778720820181,-0.3993955145608333
59.34202203970129,61.06907162534474,-0.9322377889232849,-0.36184624483808714
59.364558456447526,60.97981485495584,-0.7854189790181662,-0.6189644799163045
59.467728347498266,60.909559855074185,-0.8397469435766133,-0.5429779652561751
59.46792271432339,60.81995602977244,-0.974368806790655,0.2249565032475288
59.426834799754154,60.732434958724674,-0.9614219771799783,0.2750777740846052
59.417309096542276,60.643056806847994,-0.9457144095431975,0.32499885474007634
59.366520565509916,60.55692652356124,-0.8400386904914636,0.5425264956455002
59.30824089308307,60.47417747737097,-0.6673561961525084,0.7447386840072528
59.20080523784034,60.40842993933297,-0.6996104735561358,0.714524446950949
59.15316261925226,60.32233608824004,-0.931747008495173,0.36310812736744946
59.132477124301936,60.23309782587382,-0.9177777622069827,0.3970944210113549
59.07752514303421,60.14752025102535,-0.9542647954088653,0.29896270711123224
59.078377542754076,60.060416334538964,-0.9921937677239063,-0.12470576285737117
59.09938214009233,59.97361989738225,-0.9892145853354245,-0.1464735612991777
59.10331146430589,59.89202417796209,-0.9015586443098359,0.43265692051579485
59.02186137313172,59.81208424580051,-0.8110123304981449,0.585029058919271
58.99070646482585,59.735922456754,-0.8068321854275982,-0.5907806907458348
59.12156385705757,59.67592005787335,-0.8062308920193056,-0.5916010046929897
59.09945355595758,59.58772246454279,-0.9774909711953768,0.2109772528769841
59.08359139936552,59.49998765738027,-0.9568453454498992,-0.2905976340076825
59.1512354557945,59.417221180157945,-0.9539292592304199,-0.3000316123079402
59.137628503478695,59.328180512456036,-0.9000122901283736,0.43586451750272165
59.07174845147191,59.25308925860191,-0.8741661240956501,0.4856270044834705
59.04846070364666,59.167671584299924,-0.9652784272343895,-0.26122319559316204
59.11707231056894,59.085607411034616,-0.9440016253232936,-0.3299407998216953
59.108397295207034,58.996185548381035,-0.9108068622917905,0.41283272593410425
59.039947427564435,58.91545163538719,-0.967802694733473,0.2517100396619651
59.06440404728553,58.82703542649599,-0.8957111469793109,-0.4446364145872528
59.12465657307989,58.74480675925909,-0.8607234846616969,-0.5090727678356266
59.16458327964595,58.657655676849195,-0.884073781148238,-0.46734735420911216
59.216004327669864,58.5720056209357,-0.7015442727223041,-0.7126258719766869
59.320822521092566,58.50384601413331,-0.773912736631682,-0.6332922517126359
59.34277027673114,58.41709170514972,-0.9874652461512466,-0.15783658525024485
59.34894111613731,58.32792903434523,-0.9420511716563692,-0.33546920869263386
59.40478779723593,58.242936592427306,-0.894270964215904,-0.44752591272501446
59.43564681837041,58.15466891747988,-0.9185992368331821,-0.3951903871420652
59.48003932857858,58.06801837196707,-0.9099739124202375,-0.41466550219979215
59.51520328808783,57.98008407349586,-0.9029776401401008,-0.4296875392736151
59.562481396514244,57.89476842369381,-0.8643713431489715,-0.502854035623503
59.61380780796334,57.8105897167892,-0.9662240476250444,-0.25770349200403936
59.608477034928384,57.72231405927677,-0.9011527310710984,-0.43350173619387106
59.69235131150537,57.64731541633026,-0.922885577351208,-0.385074292984
59.67680889965192,57.5585469795837,-0.9350880738694675,-0.35441542588760055
59.755410354151984,57.4809407203621,-0.8153648797277679,-0.5789474180843391
59.78850041338986,57.401245409836854,-0.9797450414338547,-0.2002489794874731
59.78880800678838,57.31753821688974,-0.9788197355472192,-0.20472402229164927
59.824364773150734,57.229771917162424,-0.5590952823205144,-0.8291034104904793
59.95634090034181,57.20456455252643,-0.35277967685740064,-0.9357064174175509
60.02513551648423,57.15407740803307,-0.9386398569021625,-0.3448988533391896
60.007428912173786,57.0655288797455,-0.8117928327023906,0.5839455426433432
59.90981189700782,56.99375614364177,-0.6264555126492836,0.7794571769323337
59.825626684469434,56.91941308130543,-0.6522785233884943,0.7579793717022418
59.73686706774008,56.84492861340292,-0.7827557523651687,0.6223290384830509
59.69912060196789,56.76029570502384,-0.9999094538404184,-0.013456749999769296
59.73915175860185,56.67516370049106,-0.9574181910308827,-0.28870470637513407
59.75171286378369,56.58588639662665,-0.9999875196005702,-0.004996062759717708
59.74004475549596,56.49642580385154,-0.9544380625114263,-0.29840908972320984
59.80515539507837,56.414954652986005,-0.7711160449392211,-0.6366946247906393
59.87441926245233,56.333681633710434,-0.7600152142822197,-0.6499052808367938
59.94365050209887,56.25299506973151,-0.48424183331040976,-0.8749341957382699
60.085462434831705,56.216877497812646,-0.1830273175375148,-0.9831078277762931
60.243116639534854,56.19724280911509,-0.4087229791912001,-0.9126584937867339
60.30264678605496,56.1196141340572,-0.7427964008051242,-0.6695173686701139
60.381701112664636,56.04349019168449,-0.8433155248015477,-0.5374187618874972
60.40769585737842,55.95477152156276,-0.9902280031069608,-0.13945788562430145
60.40684744382974,55.86493735343073,-0.9399527824944497,0.3413045072672521
60.34537784902592,55.783147695614936,-0.7908724657637127,0.6119809988037415
60.28150632090242,55.70295709073485,-0.8366371222526705,0.5477575427767016
60.23824662863366,55.619516985067264,-0.7458337031228743,0.6661321845444943
60.14673356066623,55.55205901197622,-0.4867814681471798,0.87352378460376
60.0246329205077,55.50047821784573,-0.5188915622541201,0.8548400707860381
59.93980305382515,55.42645131336416,-0.6903037848584276,0.7235196504657835
59.864291776470296,55.34749813150489,-0.902062314302483,0.43160581682276766
59.864062764724906,55.26815302865925,-0.9999509034342124,-0.009909123124806912
59.8658688208913,55.18835519083522,-0.8709150156560511,0.4914336532074498
59.777305800164726,55.11440299006288,-0.7424122960524624,0.669943268247477
59.72516409637299,55.03243017069384,-0.7752456144573232,0.6316599063298914
59.64776112748474,54.9554108831315,-0.7672177474156436,0.6413867226958052
59.590840316443746,54.871753960515186,-0.7592773390846754,0.6507671798366103
59.51155024755619,54.79648794160808,-0.74016285749708,0.6724276499235864
59.451086894217916,54.7179228496865,-0.9161414986712046,0.40085502917199295
59.43878973045035,54.63019607962715,-0.9971613755297558,0.07529403131461071
59.437700885233106,54.54064437356968,-0.9998870453356509,-0.015029855952142807
59.44145326774782,54.45299967488555,-0.9986840491959162,-0.05128518189154243
59.44679112074156,54.36362885230421,-0.9400483914681937,0.34104108505876757
59.38940493011554,54.309533218164106,-0.9133473602562119,0.4071812858089252
59.386648754099525,54.228723654726345,-0.9652067074296186,-0.26148807225736864
59.434361981130216,54.143587418759104,-0.5571214428980477,-0.8304310313705753
59.55087154079664,54.11854950127445,-0.504823987626442,-0.8632223013320138
59.57125601609723,54.063529949776104,-0.988086666656242,-0.15389847035028176
59.572979173229406,53.97661009935296,-0.9457201776811279,-0.3249820695465765
59.629602119489824,53.89373877531398,-0.6679077040670085,-0.744244112403946
59.7326626840887,53.83330517380791,-0.44132615650323903,-0.8973467688614467
59.85685283077299,53.78197408583894,-0.20026599819335833,-0.9797415628458446
59.994377397918676,53.77980886376589,0.2459245832692781,-0.9692889658630349
60.10108284002607,53.84393926378145,0.29354599763418293,-0.9559449499175945
60.23452366890721,53.853551579496056,-0.33079100560039876,-0.943704037616602
60.3018256773513,53.77357406200315,-0.9948705909875777,-0.10115585592553523
60.25086997388071,53.692785226024405,-0.8451361557781829,0.5345510997056082
60.198677805590656,53.61049517980741,-0.9909392509105172,0.1343108372578446
60.2284845598281,53.52762665888634,-0.9762233812765903,-0.2167669482391198
60.23657737794111,53.439812107644194,-0.9434508117438885,0.3315125424773514
60.16948904104392,53.359731442402975,-0.8914277567556557,0.4531628344045656
60.15343541791287,53.27626151325878,-0.9932857459227963,-0.1156867621925445
60.18842138976837,53.197178426237286,-0.7215297775018235,0.6923834054757301
60.04874636771439,53.167165503014736,-0.47367578223241885,0.8806992979028122
60.00552812865246,53.09881101669079,-0.9068855094948074,0.421377114552207
59.981316635528486,53.022043604086996,-0.8477870445968065,0.5303368052604044
59.90934182877062,52.945049297536706,-0.9485244046930634,0.3167040474980857
59.932693041992515,52.8764165889696,-0.7996007209177179,-0.6005320034002065
60.01543581361772,52.80378650673047,-0.9257066933570035,-0.37824214185365784
59.99690260518357,52.71927063444376,-0.8885516401571105,0.4587766153304989
59.93050239971456,52.63928874963919,-0.8005527883524132,0.5992622406435902
59.87528094410312,52.55679659002968,-0.938659447402555,0.344845533249207
59.8696165327769,52.473559202047724,-0.7380356913341561,-0.6747616751986691
59.99445227746777,52.426450275708994,-0.4240314234525839,-0.9056474766291659
60.10093431213493,52.365254359620344,-0.6782690295629756,-0.73481366586074
60.14572680123367,52.28681647574134,-0.9940146581776459,-0.10924678177400739
60.11926921547765,52.19842873434349,-0.9282765011031888,0.3718907601697325
60.07618506935556,52.11323336354192,-0.8390450657992665,0.5440619243780109
60.01447557089011,52.03681736902176,-0.9874271974174602,0.1580744438557359
60.05002192256604,51.94980275401483,-0.8582263070200999,-0.5132714739186673
60.11420658867892,51.870060034080126,-0.27060000507005894,-0.9626918703594022
60.249281827677976,51.89379341915526,0.13435566723623882,-0.9909331736709116
60.385629999384726,51.90686097527157,-0.07130722893298659,-0.997454399510022
60.51059527610048,51.875112326667136,-0.12647517444571788,-0.9919697728504256
60.65268185534333,51.87281212520292,-0.5121506488046563,-0.8588956356443835
60.660998517911494,51.78542841784387,-0.9666302431440102,0.2561756683202986
60.60747796179803,51.70224381598272,-0.9814592756076117,-0.1916707863076218
60.69054090186696,51.63415525141506,-0.48337190386707113,-0.8754151029951008
60.81466599613542,51.5878422317817,-0.3540710062741409,-0.9352185426498009
60.93772269629554,51.54057294664381,-0.38211467787852776,-0.9241149132817784
61.05529243097311,51.488344981693466,-0.4442170324619808,-0.8959192084505563
61.16322467260062,51.428763960092674,-0.538576754165215,-0.8425764534289226
61.25598875781872,51.36005944054701,-0.6744594035960034,-0.7383119346867714
61.32471886942921,51.28123650650568,-0.8339005469113318,-0.5519147378544821
61.365065038207085,51.1952536043693,-0.9620564867793459,-0.27285035504060123
61.37447740669027,51.10579043264029,-0.9961962589682306,0.08713790000741455
61.349513490723446,51.017461926774935,-0.900180470437922,0.4355170727332755
61.292097442604565,50.935517349291516,-0.7281012196964127,0.6854696301635808
61.20551356218275,50.86450617353222,-0.5394502363075138,0.842017483516683
61.09421374154217,50.80874039823145,-0.3711150875909225,0.9285868789523044
60.96685274677156,50.769124005828346,-0.24342442961966768,0.9699198663107894
60.83117316845335,50.74272411823244,-0.1470584697668552,0.9891278008780418
60.6910572987044,50.72812014715061,-0.0659021862858888,0.997826087974623
60.549234789159854,50.72410328258055,0.010753577303008818,0.9999421786159378
60.4077471954681,50.731166920415134,0.11258284283995278,0.9936423418404001
60.27140359891595,50.75558244153963,0.30287984133253804,0.9530287517773933
60.159651077710784,50.81001376804844,0.14221476932130117,0.9898358244612534
60.08399732207068,50.78250805866954,-0.5726405026367236,0.8198065959358711
60.01045623281675,50.705800150599565,-0.6363121109424805,0.7714317192518885
59.91355297709454,50.64191777926652,-0.5882821308285189,0.8086557577534815
59.82593166355322,50.57156193395948,-0.6200060514207728,0.7845970279077166
59.73711348436074,50.50249136122835,-0.40513169114091446,0.9142583403137773
59.60365948665846,50.47306734118602,-0.1760894706106414,0.9843741658231713
59.46670317462856,50.45411909594386,-0.10348571622766956,0.9946309398650569
59.330292269219754,50.444625030419324,-0.4613411338188239,0.8872228346062573
59.300223963267236,50.367552671894614,-0.9832299013740144,-0.18237039519627518
59.359641676558866,50.28639093298063,-0.973913596682819,-0.2269191622502061
59.33979002259751,50.197739233634046,-0.9991312131926097,-0.041675158359194275
59.36693223966549,50.111605054573296,-0.9986605012291438,0.05174169773746599
59.33107180548788,50.02946993731707,-0.9684528880140549,0.249196716866889
59.32280474515325,49.94011242803107,-0.9936450158432696,0.11255923991316126
59.31080921654023,49.85059683430528,-0.8780410932204644,0.47858524696882543
59.23644668909438,49.78167477783066,-0.5430464083399267,0.839702684519411
59.12726346806143,49.7318954637904,-0.541088950737257,0.840965366343974
59.04772707412563,49.66024992190477,-0.7997601985203054,0.6003196022642953
59.009917733961586,49.57556465725798,-0.7709568854742271,0.6368873375565569
58.925029487774026,49.51172357595518,-0.8893438507197905,0.4572390131942974
58.93297545990923,49.42590958340324,-0.888067388387367,0.45971329509036546
58.845396459111235,49.357889661319234,-0.5187914306669937,0.8549008430610499
58.740865671382345,49.30932891461113,-0.7271593898768038,0.6864686604019111
58.71646542844321,49.221316187532594,-0.9938076653272943,0.11111401503281663
58.721032277692125,49.131938342656966,-0.9696760672696654,-0.24439378994654418
58.75749903264561,49.05850802470002,-0.8788863263637127,-0.4770312624251135
58.80492714135234,48.97736975495422,-0.9941054182363486,-0.10841779112827561
58.77580102864689,48.89069319283462,-0.9018738446189665,0.4319995004536515
58.72486378709519,48.81022362390277,-0.7884165752148462,0.6151416941863825
58.66344697397133,48.74669092500596,-0.5168130247226465,0.8560982989569768
58.549726937687616,48.70449627344197,-0.6844443695926491,0.7290650896407819
58.525179732414266,48.616886005901314,-0.9409862650308131,0.3384447503261952
58.487178948992806,48.53059256180102,-0.9430435587140212,0.3326692747579709
58.463570152510876,48.44223652098799,-0.9394107225067245,0.34279366160912883
58.424035018133466,48.35754943891468,-0.9449267564917823,0.3272818737203759
58.40356905924929,48.2690016338947,-0.9867471266383288,0.16226554801005075
58.394728241387895,48.17933306397025,-0.9905393781470341,0.13722878830656066
58.37882254763158,48.09037734862914,-0.9579892028828741,0.2868042662859732
58.34256661543997,48.005101783836146,-0.9991123692390546,-0.04212450158189364
58.386001856891355,47.92009790520143,-0.9980387218733292,-0.06259959777388016
58.3527883211753,47.842134951935726,-0.731251432109884,0.6821080142010087
58.25846065176593,47.78336781706395,-0.8678808853731481,0.49677235108641127
58.27502528637391,47.70627986389563,-0.7889043600823371,-0.6145159970603518
58.368201995806395,47.64248389344118,-0.8919306506968718,-0.4521722175758421
58.35195157706428,47.55453919110729,-0.9885308731756941,0.1510189153003678
58.341141929310496,47.46535567669972,-0.9984539134955583,-0.055585813166708756
58.36180264094833,47.3775905647081,-0.9828100952032182,0.18461938350737003
58.30929135922137,47.29580109783113,-0.899545115760158,0.4368278662265533
58.27963454648094,47.2083845369701,-0.7671408333305907,0.6414787150302393
58.18520068481526,47.14740174935396,-0.5871989004038127,0.8094426794804888
58.1007300267434,47.07860074877823,-0.7638819372831633,0.6453560148418245
58.055862867913234,46.994309781716055,-0.9761663095276882,0.21702381469113824
58.0623609216217,46.90601771774161,-0.8348691992167748,0.5504483810487059
57.96207991346561,46.85206846940498,-0.33070875364479163,0.9437328648842894
57.83610408839889,46.826731387782225,-0.10217066129966564,0.9947668852397475
57.70545752506476,46.82571125997607,-0.1603257310475081,0.9870641620300488
57.605981480111495,46.78935329543172,-0.9128942447124405,0.4081961513425899
57.65191204224979,46.70596156872749,-0.7961883469907183,-0.6050488543218535
57.72508690651124,46.63262156726553,-0.7825460357039026,-0.6225927256273609
57.775591994317224,46.55050640164552,-0.9770647311476933,-0.21294250667089903
57.7623787718399,46.46151168910646,-0.8563823219062521,0.5163422496043263
57.688947500898834,46.40680169316797,-0.20953806059955707,0.9778004914910692
57.56048109522417,46.418245963668845,0.06854153333737162,0.9976482637722384
57.43039401536596,46.42456512041149,-0.08348297305482112,0.9965092037758246
57.31383558446844,46.397583133410485,-0.21407666451447177,0.9768168619093133
57.21970334511009,46.37839069643141,-0.04928256279770348,0.9987848762391682
57.091926915592474,46.3866336004636,0.1558330840443073,0.987783402329296
56.9746983845451,46.41704277189751,0.09080998295494716,0.9958682377682914
56.84903500798682,46.408782122881576,-0.1827942319089924,0.983151193245882
56.73321082683516,46.372143744229724,-0.003874319590244893,0.9999924947956923
56.61607246108215,46.407879544748276,0.11742302921640158,0.9930819866504699
56.49531353874218,46.4002729627492,-0.15182577398704036,0.9884072714995757
56.375486735089154,46.37092401526932,-0.5418290768302526,0.840488698021143
56.34327549457573,46.30226018362708,-0.6227203709354726,-0.7824444642413846
56.470003234851156,46.29570161613281,-0.527688664456245,-0.8494378572940957
56.491780347524966,46.21000584524889,-0.9855098692871498,-0.16961809319062945
56.50001726510927,46.121315013382755,-0.9714359988255246,-0.23730170708584353
56.533818311357145,46.037916095514674,-0.8825359021911198,-0.47024502266765805
56.586632164219544,45.95875984651286,-0.6803391010334096,-0.7328974741429065
56.68094902855372,45.90133658282229,-0.9905470385203784,-0.13717348314637165
56.60293218978505,45.84105530419625,-0.9997176891674666,0.023760091869783177
56.67779028071198,45.76843069549191,-0.9314859532084175,-0.363777293100333
56.6632141446335,45.68669769244233,-0.7297273369714491,0.6837382640137651
56.55636276344959,45.63883581471578,-0.3128057757789734,0.949817112205984
56.435140315130816,45.6115855363697,-0.028637405291961945,0.9995898654038785
56.311478192467604,45.63182007861073,0.36793461361768126,0.9298516656445843
56.22837849403195,45.69339947892382,0.33005706759353914,0.9439609801954495
56.1126391654864,45.70134437839162,-0.06563563028610764,0.9978436571111455
55.99086872545712,45.67777668746905,0.2437890419053182,0.9698282853407024
55.92398019314739,45.74876822734361,0.5277801867571824,0.8493809948818927
55.816835635625544,45.78591569364732,-0.05325841771848029,0.9985807633547342
55.70920313975237,45.73731328404225,-0.30256452464076145,0.9531289044137262
55.58815939826544,45.71332392066352,-0.30121567360983204,0.9535560381916603
55.481270710841024,45.66531246042809,-0.7790839784215784,0.6269195758363312
55.4791989708089,45.57791688188967,-0.8571696567698138,0.5150341537346038
55.391420202667064,45.51577455368229,-0.9112204833972765,0.41191896124994515
55.4143745484696,45.43451648759677,-0.6994512201377963,-0.7146803415847872
55.514159900604255,45.39565031563323,0.03446299029465011,-0.999405974716957
55.61846432688095,45.441554212235765,0.04037479747586055,-0.9991846054302395
55.70679316827184,45.40343419173273,-0.5416694519657973,-0.8405915802618253
55.78444731664307,45.33459630638559,-0.5515250087301153,-0.83415835711527
55.88857863253254,45.28324210960804,-0.1582369816516594,-0.9874011634780325
55.991776536028205,45.301370550636896,0.06323342934541373,-0.9979987642343143
56.11483074460749,45.29757749503722,-0.2074266227078305,-0.9782505794488564
56.21700051775721,45.25361443286472,-0.8486280315852542,-0.5289900415014793
56.19264385253816,45.172746440699584,-0.789187496839937,-0.6141523384564406
56.30693275197342,45.13805125682163,-0.21743904811911924,-0.976073901071559
56.43127388111764,45.11958705777786,-0.17734806272708015,-0.9841481924217265
56.552184996124694,45.09385566644752,-0.18264231265994735,-0.9831794269746628
56.675664336784195,45.07418737101641,-0.5534680867817666,-0.8328703842220175
56.693173265929595,45.00016460787965,-0.9112287819469886,-0.4119006032423445
56.745305793767635,44.92012277504227,-0.8055918421711737,-0.5924709139082313
56.80897996077712,44.84270045825149,-0.8186068320936477,-0.5743542934893084
56.85780054001143,44.759787997547434,-0.965564863021591,-0.26016244021398705
56.854901678238726,44.672266952192516,-0.9361231279657146,0.35167241758159884
56.79540349742028,44.59369218858998,-0.6786609387871333,0.7344517207853535
56.705062695729374,44.533810111996175,-0.24732234994771402,0.9689332563269466
56.57953256263573,44.538590656541516,-0.0600893603617838,0.998193001764344
56.45723329110382,44.518891243223834,-0.11660467529612974,0.9931784077893983
56.33249693965078,44.50958729885792,-0.06984256530483306,0.9975580264183334
56.20820932128323,44.5014561944206,-0.2558271384658441,0.9667225430413723
56.10716058085223,44.4499557569241,-0.25356867691303236,0.967317386429384
55.98669512206837,44.44338935596575,0.0914839405355203,0.9958065518081779
55.87398838493443,44.47137709751193,-0.20622029502187797,0.9785055901327747
55.79491446638691,44.4029715353698,-0.739745931222351,0.6728862884915822
55.73863843752952,44.32257844520414,-0.8055765882946513,0.5924916542800833
55.677920821157,44.243902051613134,-0.7769655920186955,0.6295430635143537
55.61353717231383,44.168181733964104,-0.8340744290525473,0.5516519254028461
55.57350410744161,44.08602838732362,-0.9998220762855371,0.018863079602165295
55.61038469560875,44.001087289621324,-0.8728939392087695,-0.48791000286179514
55.65154822354068,43.94640379357845,-0.9968022388224428,0.07990805140012941
55.60005784890765,43.87226642950442,-0.7774311258565644,0.6289680791180065
55.53832246572098,43.806451972015154,-0.7070204402472865,0.707193111584476
55.465643694531515,43.737885094271164,-0.8623477312563218,0.5063164923218229
55.44597283721884,43.64916400326661,-0.9737827073763491,0.22748019433521627
55.42458114866182,43.56210716685375,-0.9914974233325288,0.1301263214148323
55.42283991837472,43.47290274283348,-0.9360617328209168,0.3518358031075046
55.36344112206111,43.39944367797882,-0.3773361077668166,0.926076380097986
55.24448704709317,43.40023165467627,0.0893823171932873,0.9959973902441505
55.124139290223866,43.420918987500436,-0.07588299350692071,0.9971167290224493
55.03717852917207,43.38445497531521,-0.917307698020374,0.39817908929596263
55.073762566044195,43.30486327756155,-0.9746115375209586,-0.2239025478439965
55.07359892214449,43.22592290172441,-0.9281998512639992,0.3720820287429775
55.01126376249496,43.14895308658953,-0.8681339713480416,0.496329938439621
54.98721719917057,43.074832059908594,-0.999224025620824,-0.039387137775099786
55.017344676354625,42.99468457230955,-0.9487468786445531,0.31603696027872746
54.937862131821284,42.92666753493774,-0.795019336279597,0.6065840872801964
54.90137703200445,42.842691597923135,-0.9723325182953414,0.23360109988062835
54.896111351840894,42.75288564324343,-0.8942559737114264,-0.44755586632444966
54.97611463478974,42.69335929601299,-0.43836388270326326,-0.8987975891942075
55.088994499832175,42.658812175893246,-0.5760712625011132,-0.8173994742599077
55.13293723274018,42.58283684666616,-0.9659904021883055,-0.2585779241932227
55.13208757239392,42.4978259098563,-0.9918580002897845,0.1273487623070978
55.11158440088085,42.41652995270948,-0.8455667777575272,0.5338696698190978
55.03916913101707,42.35065750619722,-0.7944019122112103,0.6073924611609635
55.0060059182549,42.27844501776297,-0.8199836000628776,-0.5723870156003914
55.11331560404705,42.24443760562293,-0.41520576844071055,-0.9097275250609707
55.20598171061118,42.18717471951706,-0.552859070344515,-0.8332747736118011
55.29104960809723,42.12651509151407,-0.6249724576254957,-0.7806468005503819
55.367420787530705,42.057929359658985,-0.9988051961797046,-0.04886900944792648
55.29732343583179,41.99828798374156,-0.820245601526541,0.5720114974162345
55.26653101186649,41.91325675237509,-0.9332007029916997,0.3593556009523124
55.23185682161532,41.82827952903152,-0.926177681746529,0.3770873928343739
55.19693156526654,41.74231109010232,-0.9858685721373963,-0.16752062103446103
55.25859994032907,41.67089472411604,-0.8684168685719956,-0.4958347934338709
55.286825990808154,41.5848678518207,-0.938673343406056,-0.34480770637979713
55.32174027209391,41.49900719020985,-0.7443596427826824,-0.6677789471048315
55.414273064230905,41.442805185038594,-0.4594327764853279,-0.8882125443220124
55.51763867568556,41.39767767392853,-0.1924129288269058,-0.9813140500473089
55.63353160465892,41.399813669802434,-0.10517258047660433,-0.9944539850168495
55.747005963729904,41.37341999089442,0.005134571867213301,-0.9999868179989877
55.8558555735407,41.40095522324642,0.23787203287829264,-0.9712965026058461
55.96968606490491,41.4279546960086,0.4499530489331276,-0.8930522122226575
56.04589379569746,41.49670357513779,0.3906505188107142,-0.920539066065596
56.152916012114964,41.505712258482504,-0.20955739477209187,-0.9777963480686219
56.249528836153914,41.45306132934024,-0.29825590243591776,-0.9544859436692278
56.36312212166136,41.44002746415301,0.2193104775291512,-0.9756551206476272
56.44975836915449,41.49806948188152,0.03189072295583228,-0.9994913615381347
56.546355926303164,41.44587389637328,-0.7049900837610192,-0.7092171612409214
56.58493981042872,41.36369374929193,-0.9892197362311298,-0.14643877031310343
56.57172882134874,41.274475512661496,-0.9786936746167699,-0.20532581733704086
56.61970890788241,41.197965463431984,-0.8553659645007234,-0.5180241951624915
56.66715445666094,41.11690789062927,-0.8596109983384139,-0.5109490498431674
56.716440311429025,41.03522638328514,-0.6177212225766157,-0.7863971586790298
56.81343455384962,41.00200371088147,-0.16053417853587695,-0.9870302819679907
56.932404666800856,41.000101158643076,0.010541741796682115,-0.9999444342961723
57.05122447814008,41.00451057016059,0.29562227559574,-0.9553049095297251
57.13527441023478,41.0628798742188,0.523957805463378,-0.8517442210511328
57.22895977144595,41.113845969136364,0.2674527615951941,-0.9635709731592709
57.344263938075116,41.120887875624355,-0.07042081684892242,-0.9975173725576566
57.447407101631164,41.09842444380426,-0.4019731569609349,-0.915651451745073
57.530107844004355,41.03930196056251,-0.31514768919245223,-0.9490426407683995
57.64853471808656,41.03163618705388,-0.032726921294858026,-0.999464330840556
57.75617983957559,41.03189935480888,-0.5708835805752914,-0.8210310209910067
57.77266775507736,40.94532335500101,-0.7673327975308831,-0.64124907628271
57.86683329234557,40.89948899101912,-0.5820356555021078,-0.8131632651099235
57.93034812051614,40.832460909295754,-0.8180700477346249,-0.5751185938564918
57.971052963991404,40.75124305936442,-0.6210243570976011,-0.7837912655111126
58.07551130495837,40.71744320335885,-0.4872543858550941,-0.8732600777918197
58.15295782894418,40.64974529768872,-0.9141152305482366,-0.4054544922426488
58.14433345711274,40.562280592789556,-0.9320775137243527,0.3622588969361952
58.088343237587736,40.483494563279734,-0.8841533347412115,0.46719683289379776
58.05698106313697,40.39696930428419,-0.9511405492727292,-0.30875824771035837
58.13552673802756,40.33814414476382,-0.3661216102768019,-0.930567013432306
58.251108594787794,40.32059190914646,-0.02445624488530942,-0.9997009013130427
58.36520830640018,40.3325253154976,0.10983417664420948,-0.9939499251174018
58.47515494859273,40.34534964208496,-0.1942307700722565,-0.9809558644287408
58.56942735488376,40.292089629766224,-0.21069106824604414,-0.9775526961557319
58.68388200553192,40.30036288406024,0.16641837336315415,-0.9860552342577782
58.7943475357717,40.330049826456516,0.08869345406962574,-0.9960589697428558
58.9047534868079,40.3200302483177,-0.19124044869987192,-0.981543219008247
59.01444817233443,40.287166188038725,-0.19469077294904663,-0.9808646710573803
59.13093608025352,40.27513550876298,-0.256666943785848,-0.9664999120370537
59.22942162712808,40.230077119586895,-0.6681809379842489,-0.7439988132480382
59.273531205028235,40.14707166977916,-0.7597804143384115,-0.6501797612874087
59.354043026717,40.0844483192877,-0.29759126737064356,-0.954693373594231
59.46410159957189,40.08766821438273,-0.3333088735079618,-0.9428176890793115
59.53897875109994,40.01906906444401,-0.5737533525045042,-0.8190281377888321
59.63341267997726,39.96906081188127,-0.5659119479183219,-0.8244656858858896
59.709157330198536,39.90225875585224,-0.9776019930615266,-0.2104622131455684
59.66498017958863,39.82242902428005,-0.9611216554114306,0.27612526776662666
59.661001974817324,39.73464224159671,-0.8986314286660043,0.4387044055097874
59.60014709492157,39.689626511318075,-0.7953526465963932,0.6061469851051913
59.569014467167335,39.61394130690423,-0.967213414529073,-0.253964979386945
59.63340450086089,39.56296727966101,-0.11462752828673524,-0.9934085412149796
59.741428125250955,39.59404682175633,0.027133339044681338,-0.9996318231790574
59.849256772296656,39.56882622965502,-0.35731272425688404,-0.9339848055959604
59.940578542001184,39.51785823975845,-0.8148286406373332,-0.5797018944225694
59.94871137512158,39.42903289862635,-0.831883693892832,0.5549500156187194
59.8575136704502,39.39334195859118,-0.6639515693688928,0.747775576983218
59.823351440104325,39.31772553829977,-0.8734339774516371,-0.48694259110598787
59.92403507972394,39.27402181665066,-0.6664894935755252,-0.7455144230351548
59.95750002862512,39.19779677224975,-0.9852808503747684,-0.17094339965255556
59.95284799249187,39.10795040791855,-0.9980383869518793,0.06260493726928144
59.94623623790944,39.018231134024,-0.9993570909648355,-0.03585254158775245
59.95922385451328,38.930229034762384,-0.9962919949972293,-0.0860363917446616
59.96148763714467,38.84162160098286,-0.8386149918299289,0.5447246051704366
59.87388462168809,38.79884749010813,-0.384494814827944,0.9231271512475544
59.7692855667269,38.761566865971595,-0.9254367965724692,0.3789020131243512
59.8361747142497,38.70674416331114,-0.27645163819565527,-0.9610278308867742
59.94728804857282,38.71036223263253,-0.5829792402660052,-0.8124870493853249
59.94578827827872,38.62809376226311,-0.9950137224868816,-0.09973811740151717
59.96335583885204,38.550065725796536,-0.9967543486406248,-0.08050322022132908
59.95908911591028,38.463408825270875,-0.9978746068184936,-0.06516340281812207
59.97474452137294,38.37566603822274,-0.8877252130696234,0.46037370263785915
59.891188018023826,38.332477114264066,-0.5781417154862124,0.8159363681162027
59.843742163992765,38.28284271205654,-0.7489842512322112,-0.6625877990169482
59.953653483272724,38.26186662341782,-0.6639376804049716,-0.7477879087939746
59.96466626498395,38.17547795505395,-0.9939115010867815,-0.11018134146678762
59.97312746347739,38.08619792452848,-0.9912326545576359,-0.1321280611324578
59.988378483362084,37.99758746784815,-0.8680476688168159,-0.49648086031758715
60.05865949653536,37.93665362616893,-0.6328675526454758,-0.7742600731075612
60.13789398792136,37.87537593358525,-0.7672962533999552,-0.64129280326415
60.178243702954184,37.79357309714392,-0.8929009158340897,-0.4502532115406218
60.21981134737361,37.712924931787065,-0.7114194599631336,-0.7027676372640984
60.31084279395705,37.6593415692379,-0.6535968347923539,-0.7568429014989944
60.36715521903,37.585681235704385,-0.8799755423301462,-0.47501899425261435
60.39738147685955,37.49902813895186,-0.8610424642205085,-0.5085330616676506
60.46096241968286,37.426847937930425,-0.890176292448705,-0.45561625120519733
60.47907935158657,37.339408039727864,-0.9990524315863804,0.04352285539048418
60.453450240820075,37.25440841180008,-0.9198560806058839,0.39225602732447823
60.41393643661023,37.18664529734733,-0.9536860507921162,0.30080378409278213
60.40388911143957,37.097276885365844,-0.9611281911604018,0.27610251747627024
60.364989068628965,37.01625679209244,-0.4987248709390893,0.8667603492931532
60.25297726758495,37.01044378333141,-0.1792527769706166,0.9838030503857581
60.14984941465081,36.97705750276623,-0.5298584361043112,0.848086102756727
60.084691891996364,36.905304192388044,-0.3353937692388857,0.9420780326256064
59.98188272362337,36.91725886649693,0.10599679148881586,0.9943664717769181
59.87574866189987,36.92757697875217,-0.014999104489159656,0.9998875071049359
59.773359811549895,36.91413085767159,-0.2039622263330633,0.9789787588243477
59.67270606109206,36.88527471169282,0.05667326510292918,0.9983927789315051
59.57321555899896,36.92549194573533,0.30943085019632466,0.9509219468214938
59.46951721583317,36.9513925432867,0.1792413055044132,0.9838051404628224
59.36369661745757,36.96366459503874,0.16225891885774976,0.9867482167458497
59.258986887036166,36.9860117328202,0.19678088547152714,0.9804474912574572
59.150397800150074,37.00647477152863,0.27671438306681156,0.9609522101561315
59.05220061958547,37.04555760182342,0.053732762447240276,0.9985553516154166
58.9539750068167,37.017044380190114,-0.2087837092263059,0.9779618411582863
58.859629732463546,37.00444591176535,0.10472397646985358,0.9945013266719867
58.7553980287949,37.037955132359144,0.19877025117185557,0.9800461148584169
58.645259005904684,37.047923991537296,-0.0726046852460447,0.9973607971443046
58.53757823850889,37.022098546297855,-0.26131707430911705,0.9652530169207053
58.43227908890964,36.99026523490031,-0.25316632259525135,0.9674227685472351
58.323945477048156,36.96619266692094,-0.09908917612391223,0.9950785572883601
58.21193191130259,36.96832322828145,0.10128209590457865,0.994857747142362
58.10368377351298,36.98861654314408,0.3386448862161327,0.9409142580701297
58.013011567570075,37.03991674128394,0.44187894920014276,0.8970746871101523
57.91453553733862,37.081786738496525,0.5150142543204931,0.8571816131058264
57.83599091494683,37.14627478491924,0.6248958561308569,0.7807081202283499
57.75586791130375,37.20878777696697,0.4220143738747394,0.9065891397116511
57.64975362299602,37.23296765461294,0.1486527383843219,0.9888894596317844
57.563117322170925,37.23776260587298,0.1351844511912576,0.990820450009041
57.453882993509644,37.25969163225325,0.002350768626967954,0.999997236939614
57.3455266019876,37.23827411272483,-0.05086824865753906,0.9987053726092169
57.237790079245165,37.248685114818365,0.13011374989082022,0.9914990731661574
57.12775733569742,37.26685182561921,0.42119276167585684,0.9069711448066387
57.05833224193548,37.332024416772626,0.5154627556797535,0.8569119835239992
56.96185631871962,37.366647133685476,0.23888512140401377,0.9710478354704208
56.85065426708618,37.38311477135931,0.12538023711248975,0.9921087622542277
56.73848558485871,37.39487617130816,0.019602358328957372,0.9998078553141815
56.62722070427505,37.387495437842034,0.18214249986527084,0.9832721442931401
56.530797077517875,37.433348637084706,0.20786642271113473,0.9781572216720971
56.43544955012615,37.428248379096175,-0.7801846638499101,0.625549270875926
56.463385761660646,37.349273285629,-0.933857017519427,0.35764657251219495
56.381751160961734,37.2880356064742,-0.3028514523410949,0.9530377735509172
56.270743429811375,37.288056394124744,-0.2665037529624596,0.9638338807371964
56.1953668927878,37.23649964373805,-0.6067036247860451,0.7949281172983339
56.132497865127036,37.18254485996284,-0.5172256357554216,0.8558490764833481
56.0338561466688,37.13889189882351,-0.4875595937069917,0.8730897105018895
55.949018847592605,37.08008464978418,-0.6088744424023053,0.7932666092741342
55.878140368661875,37.01937173196061,-0.38848694783474613,0.9214542264063057
55.76765766457854,37.00362241169818,-0.22873334875477053,0.9734891140466998
55.66539037531261,36.96938348070627,-0.5301411442785672,0.8479094097502464
55.62247025974394,36.912846420715226,-0.792761938505522,0.6095313846365641
55.563234066249095,36.83651807681562,-0.7848673819740326,0.6196637739235914
55.50249439811508,36.76088475314753,-0.4476346506338986,0.8942165395204159
55.41933138027459,36.764482025462755,0.1921050718593271,0.9813743635157394
55.35049646903885,36.79063850887338,0.44679544869916493,0.8946361422509778
55.29003833364215,36.82905301925077,0.08498624342324287,0.9963821247035725
55.191324798567415,36.804215029364244,-0.3503300597468889,0.9366263124841951
55.0999061167796,36.75793711101134,-0.41399020018097654,0.9102813379137875
55.00013632002176,36.717263717490916,-0.4217513330838212,0.9067115379446872
54.91737171267556,36.673032347982684,-0.47889886132682996,0.8778700818571424
54.825956172112576,36.62224433338913,-0.34226480064530646,0.9396035367319712
54.726193501114444,36.60339279267058,-0.17746512666709094,0.9841270897689147
54.624974996326344,36.586001910851024,-0.36422549304306684,0.9313107914211747
54.55487735656118,36.536392917021196,-0.35117544362803493,0.9363096751570246
54.44704076217949,36.51926530086923,-0.1934228093104105,0.9811154961769122
54.3402570807312,36.49408142887554,-0.12838239906886204,0.9917247398392981
54.23183876785125,36.49140661467699,0.029360974936415873,0.9995688736404227
54.12176834817188,36.50049923796277,-0.1561450305872391,0.9877341390388964
54.02536956927677,36.458767123894475,-0.5518192482207624,0.833963738596033
53.96998986717845,36.400070066523156,-0.8697191690448647,0.49354692481658735
53.94809401922852,36.32259359348412,-0.8489471226117372,0.5284777980286891
53.894110166069986,36.278176858973175,-0.8352431972316271,0.5498807156814005
53.88476728794225,36.22640323800998,-0.7712592148366942,0.6365211885942885
53.801944827991306,36.16650207491971,-0.5196120395194467,0.8544023223203698
53.70794512569018,36.11886733605864,-0.48886946456894215,0.8723569490822412
53.62299967836741,36.06622108377741,-0.9501107555526234,0.3119127316786268
53.669329241538605,36.001240310479616,-0.9537537194277828,0.30058915928168506
53.586831088444804,35.951460035017114,-0.25300214155791684,0.9674657184454175
53.47696042454595,35.950933905053375,-0.05593979863958828,0.9984341435108087
53.37717582803763,35.939713568685676,-0.7212434588306578,0.6926816534989138
53.38063741408772,35.85063914356092,-0.8383664636998354,0.5451070285214021
53.28799083840514,35.802548387425574,-0.5054126122801127,0.8628777963003756
53.20236738403224,35.74622120400111,-0.10468870163367165,0.9945050405856454
53.10957546746743,35.783767111541884,0.4782394423492832,0.8782294892460891
53.02579544032079,35.84237337029603,0.3242886411818574,0.9459581794140925
52.923574284413746,35.847531104732425,0.3739056453933679,0.9274667478367993
52.85176945119941,35.912531464836256,0.4889803372019007,0.8722948067195605
52.749723284328184,35.94498636869808,0.14087579944987805,0.9900272769622853
52.64011332095899,35.94264904568471,0.00617872071328714,0.9999809115229886
52.5297720137459,35.94634541211161,-0.08215274691121609,0.9966197500425835
52.42511960288452,35.92492681560878,-0.5581024255835463,0.8297720666290004
52.37765046979898,35.84402887715618,-0.5786854705134025,0.8155508115480495
52.278866372130025,35.82115079276034,-0.422628124392513,0.9063031879412466
52.21821723122323,35.76968182477721,-0.17905819883501684,0.9838384834056654
52.11037561986855,35.79048554523327,0.12217341855037762,0.9925087686261086
52.00306942996646,35.796165562960724,0.26762962075283797,0.9635218659146724
51.91257579923482,35.84542679031952,0.3076808019296058,0.9514896342703659
51.80438965441429,35.860412140608375,0.27262056086614417,0.9621216294175228
51.70727309045223,35.903600037759695,0.6115783585846588,0.7911838669430101
51.67612164495769,35.959562214263805,0.9087376870846439,0.4173677228440787
51.65088998346878,36.02636337432449,0.68426994916057,0.7292287958355668
51.55944532949894,36.0690451322494,0.5431870568489277,0.8396117086319127
51.51422029359841,36.114781872825546,0.542540731759363,0.840029496138091
51.41999141613663,36.15911271743555,0.18561715542668017,0.9826221408106515
51.31128952212798,36.15311546107322,0.023897030567922223,0.9997144251885314
51.205866274065315,36.16423113419189,-0.13835124397317156,0.9903832254693514
51.13974026299999,36.129150946335216,-0.2993559851681027,0.9541414958715686
51.034641451997246,36.11051040669266,-0.06459063046571568,0.9979118450324364
50.92414417034981,36.11519631936136,-0.05971341518865358,0.9982155619136116
50.815405484699134,36.097395675928034,-0.06608126362330395,0.9978142445354984
50.70553473720999,36.10071868721593,0.27980531888775234,0.9600567605731045
50.618274978744104,36.15484869990166,0.4940757380182103,0.8694188663134478
50.525056985241335,36.20328107912477,0.47763486175792247,0.8785584436071914
50.43593783487133,36.25397765044641,0.6215395098891102,0.783382816793172
50.37111564564361,36.32541884206029,0.5908494725778343,0.8067818173177275
50.275850792969415,36.3712179528974,0.3974911870438254,0.9176059918191961
50.182608459779004,36.407076923789965,0.5087651609575617,0.8609053438072193
50.114531658671254,36.46655195903074,0.3742242085900182,0.9273382563580425
50.00811962876073,36.4774912998258,0.1812560152451202,0.9834359445014508
49.90597752680462,36.504990345502584,-0.006547690430340815,0.9999785636452556
49.80247231962829,36.47614475604278,-0.16573915830602115,0.9861696260806312
49.697737420682564,36.46999277611749,-0.33163623846694423,0.9434073379699228
49.62357365793405,36.41325646077181,-0.8104786347383347,0.5857681987208633
49.59561890179883,36.32869989277708,-0.6213230471118797,0.7835545106293557
49.4936161574115,36.310206080582105,-0.19023390313089203,0.9817387952503388
49.3876211106498,36.28839565722653,-0.06243983017759607,0.9980487300765395
49.289926343421236,36.29746285772015,0.3483512604560668,0.9373640697928791
49.206511425520645,36.35570118890696,0.6105292762431253,0.791993688642811
49.13323436346784,36.41825301360887,0.692316848105191,0.7215936403750339
49.06654844788971,36.48998553137221,0.5032561358464412,0.8641372933353288
48.97251779385041,36.511851103190196,-0.3861706440301723,0.9224273595732738
48.931167496895455,36.4333088202011,-0.7824391235110678,0.6227270814724793
48.8570240605023,36.36673646440134,-0.8812007786197111,0.472742200104893
48.85466859186518,36.2907133534514,-0.8466106204464257,0.5322127932954247
48.77962727897122,36.243618534772374,-0.5582301747342051,0.8296861286150438
48.69613947385873,36.184051648267875,-0.590377020456023,0.8071276068364088
48.61461482976851,36.12291945661757,-0.43535480846226415,0.9002589576054134
48.53246769069722,36.10490186896605,-0.9013808096242235,0.43302729248995303
48.5648609768148,36.01935284768753,-0.9132552858777083,-0.4073877548680435
48.6069250492344,35.937988221110835,-0.9314507988968247,-0.3638672961870398
48.623055917392136,35.87038171326425,-0.8601257576747218,-0.5100820335833106
48.68943689393018,35.798852634551295,-0.5287391825957475,-0.8487843523463311
48.78866652769688,35.76721673563518,-0.3682487718864778,-0.9297272944278344
48.882978489061784,35.722194183042646,-0.7140170056237997,-0.7001283565747233
48.90914097173311,35.64435240514901,-0.9172782230178882,0.39824698564728067
48.82434131929688,35.58713578756645,-0.434045752639505,0.9008908283558033
48.72217991192017,35.554275282187405,-0.05027936136791849,0.9987351930418965
48.616049825600214,35.576649761486266,0.2061591839323142,0.9785184673169751
48.511273169215585,35.598710173724015,-0.11407002038963884,0.9934727124829889
48.42139437127643,35.55429952341262,-0.6748984344488107,0.7379106335990452
48.37678864262084,35.47570964720538,-0.8816733928103784,0.47186017887742576
48.336159483656736,35.39503765746697,-0.840154374758781,0.5423473301987223
48.27635961241415,35.32013427256489,-0.9205487614185515,0.39062767163985007
48.266601664624,35.231118486332065,-0.9415350524296598,0.3369150412882714
48.21843884183716,35.158270214630754,-0.9010772769535178,0.43365855342427334
48.1905136321657,35.073018994105055,-0.8967093032471153,0.44261995602330595
48.15163911495009,35.022939812693686,-0.17883910222602148,0.9838783336952748
48.051662079582364,35.04778001266166,-0.05337654386667929,0.998574456194854
47.951030275974055,35.01221671996162,-0.18213087145230464,0.9832742982830498
47.84205788866413,35.0089552472644,0.19488120527841754,0.9808268531342478
47.749382983656695,35.05228216805,0.30485229593994595,0.9523996417786724
47.644413165000444,35.07221907596216,0.1865263654255693,0.9824499554690442
47.53931410160433,35.09216550749148,-0.1569889522482637,0.9876003588861196
47.471500957330925,35.04473295157113,-0.15516769096958918,0.9878881453277826
47.36741446105439,35.06516521355255,0.4013795262569151,0.9159118275804579
47.306714799420824,35.11694709708596,0.4177011032099349,0.9085844971037109
47.206732099150635,35.13903528292697,0.42319871586167385,0.9060368904702669
47.13748510586911,35.19599221075631,0.9081479583996691,0.41864935883685855
47.14377961675945,35.27559387821201,0.9921614078565681,0.12496295755171884
47.11707949905422,35.35800546638248,0.9960219184035892,-0.08910857455729974
47.158553005368816,35.44072522429316,0.7964382892525343,-0.6047198123201325
47.230226179491375,35.507023816312554,0.6884358348572881,-0.7252972502942147
47.30085825132181,35.5757981626815,0.8644929716015033,-0.5026449065210971
47.3179866417446,35.65796198721238,0.8548459434402133,0.5188818873152269
47.228355834178274,35.695244222950535,0.11239294140466208,0.9936638398987899
47.13598724911621,35.67854786973121,-0.26406764070370736,0.9645041633570991
47.04845583432508,35.64599013952753,-0.15301322767008116,0.9882241406472441
46.961807636387775,35.651578497458594,-0.2132165077755042,0.9770049748143651
46.87623548811756,35.60840566275121,-0.5077613451658922,0.8614977750147261
46.81084657493876,35.56260300169749,-0.23017224367270567,0.973149905329427
46.74373318839078,35.57706583375582,0.5254102066671499,0.8508490551972089
46.68482023697636,35.64042588211308,0.7118010721285403,0.7023811171413001
46.62298723698237,35.69943116444337,0.995713532307919,0.09249087294910026
46.67530456949861,35.74286711306299,0.7980031894890147,-0.6026532249688535
46.716376870952026,35.82309303612231,0.9828554191030147,-0.18437794103372934
46.706298758282124,35.90808647843712,0.9924614810174973,-0.12255696102855973
46.737400004930954,35.99333755352263,0.8612142774938134,-0.5082420370658148
46.7980726576214,36.063597016031686,0.9372224429131814,-0.3487321214053106
46.79655207438319,36.15230956565616,0.9783260695184899,-0.20707028203125383
46.833365380683354,36.230341324761596,0.7495075746298538,-0.6619957670351634
46.91485233015676,36.2862483945705,0.4517702897184362,-0.8921342978093153
47.011184983006,36.32038787207648,-0.1373477441602667,-0.9905228907875305
47.092259396490135,36.26164880117836,-0.27664360031748225,-0.9609725898293775
47.202324834662186,36.26536276804546,0.3087229278924867,-0.9511520140300868
47.28099768694108,36.32290908005487,0.8323321886074865,-0.5542771218513998
47.29788093725795,36.408854925438995,0.8623390201390263,-0.506331328623525
47.3628140749562,36.46225156171421,0.9604366636896725,-0.27849850096661416
47.33792954269348,36.5469675143988,0.9895696401850314,0.14405529224595548
47.33755696968039,36.63575205718522,0.9133742364920803,0.4071209944383971
47.26903208409439,36.7015386726143,0.6799131180607786,0.733292678191232
47.19688349952418,36.7661852942363,0.2760182426370269,0.9611523967257051
47.08782575730602,36.75357646812438,-0.07281437862056929,0.9973455099744021
46.991049236743734,36.75115770971991,0.3628996178540562,0.9318282391950675
46.9236015588542,36.81753342537654,0.8562650837055992,0.5165366457732146
46.89983398904932,36.90236562950916,0.9643913871900266,0.26447920960577587
46.877227643055576,36.98663028956156,0.8532853194199834,0.5214443054270868
46.807489194712055,37.05347756325309,0.9218606267298616,0.38752159279868126
46.81288360891484,37.13969590639836,0.9682429572652381,0.2500111511638353
46.76450574428031,37.2199438307206,0.7084684789962882,0.7057424560480161
46.68476508507171,37.26830930487047,0.8790215850000646,0.47678197648817855
46.70386279682091,37.331748518027524,0.9881857287186601,0.15326110255629427
46.66246206609599,37.41211307955004,0.7412402149520082,0.6712398555940349
46.577485723385486,37.47130484546785,0.7086358780528879,0.7055743705210761
46.524716148277975,37.55045668087598,0.8605367605919845,0.5093883426913629
46.481427344528285,37.633581362697804,0.9842741252240744,0.17664780331038124
46.49467872425918,37.71782394328193,0.6910185763215634,-0.7228369990381786
46.5966996402379,37.743779509412164,0.07733497543595699,-0.9970051662726327
46.70940028505903,37.73447930996584,-0.21640652526711998,-0.9763033421134086
46.810563393934636,37.69637466112197,-0.12113584186701644,-0.9926359392119394
46.91080442372937,37.70990105430375,0.5584884189086453,-0.8295123181393519
46.95379112648341,37.792806055985956,0.4886003346399498,-0.8725077151462497
47.05225302241509,37.7891116233938,-0.09992488527948136,-0.9949949835561396
47.14789637405891,37.77331254605206,-0.1482317908507372,-0.9889526460762332
47.25838307451405,37.75821527371314,-0.05827591380552908,-0.99830051481011
47.370671417161056,37.76030802585274,-0.03657766223050104,-0.9993308134075279
47.478532600486524,37.75015732644164,-0.059299081179212676,-0.9982402611452321
47.588653758183646,37.74735908656521,0.12284012936887703,-0.992426472146243
47.6775503240255,37.77479125509265,0.23886568260878463,-0.9710526173549194
47.77988838860875,37.79440019403821,0.3110109819952699,-0.9504063178863754
47.87272233644381,37.8386593482417,0.8953021038795848,-0.4454594737894675
47.83381008043529,37.90277414717557,0.9550294674194907,0.29651090428590304
47.828040355029216,37.98257516481645,0.9979074695011249,-0.06465819603005697
47.844558241275905,38.06865675208557,0.9750292959961627,0.22207627507058755
47.790430428983015,38.14770212267649,0.7594071166279,0.6506157323758003
47.71894534184875,38.21527375659131,0.2782398955323004,0.960511613950698
47.609123935481506,38.20022277841713,-0.07035814821727734,0.9975217947390602
47.49747418691699,38.19965274417161,0.2818306411032341,0.9594641680309589
47.439511531337736,38.25004430817472,0.5103970220031218,0.8599388815086482
47.34293531778974,38.29137574947159,0.35037653146962955,0.9366089291669772
47.2373872634455,38.325657082839285,0.23428342293874294,0.9721683381678845
47.12548555665944,38.34377909604717,0.1331108521017617,0.9911011558124342
47.01208093068118,38.35591707977532,0.1364575976834996,0.9906459125411299
46.90042566186685,38.374780215811064,0.12275454844454116,0.9924370613979391
46.789417544023586,38.38345831593772,0.33296543592251676,0.9429390322183764
46.70572690859314,38.44353116687185,0.19538262937783055,0.980727091569008
46.60137307965969,38.420920951775166,0.013711459714928324,0.9999059935176334
46.50241945915529,38.44631907085561,0.26168602334446434,0.9651530579064445
46.39711555985613,38.47630215546895,0.13465955343608435,0.9908919238082398
46.28305357352434,38.47613030605535,-0.06298079967943547,0.9980147388048629
46.17135466783082,38.462055270164306,-0.14637165591884221,0.989229669158571
46.06786867092012,38.44429040931054,-0.3753851233106094,0.9268689277330848
45.9837386944399,38.38607015166579,-0.3466311893178851,0.9380015024465944
45.870873807611936,38.37149248352905,-0.20200209938023403,0.9793850886377523
45.76952533110004,38.341887787024994,-0.2237000899165892,0.9746580270901739
45.67030982141453,38.32545974127551,-0.0778574101144617,0.9969645047293653
45.556023416379354,38.325214469112694,0.24960146644282377,0.9683486499962666
45.465107096118466,38.37835277846016,0.3659018049394803,0.9306534635093937
45.355971286008675,38.40386827362183,0.14365677675575309,0.9896275716107287
45.24207015149941,38.41072937090824,-0.14665042920700977,0.9891883802458457
45.145686447733034,38.372692855061835,-0.39395693849566876,0.919128897713003
45.046982127676046,38.32711076116389,-0.17525314656226829,0.9845234048106851
44.93566904213121,38.335308054472314,0.0030926052320790955,0.9999952178850049
44.821807828439944,38.327807139709996,0.13440152625314813,0.9909269547957733
44.719772074699165,38.36459061843514,0.18367265191785237,0.9829874653002771
44.606773896716824,38.367986545741225,-0.05670829998645615,0.9983907895772306
44.49572889017313,38.35186503217106,0.012931007781079763,0.9999163910236524
44.40945411357502,38.37053830274218,0.1950485915357834,0.9807935801889749
44.30764171127508,38.38926957892894,0.7462311891506501,0.6656868725901143
44.315273613816906,38.47611410605621,0.9986422121661056,-0.05209349364351419
44.31681311505623,38.56508713924364,0.9899011515585467,0.14175933882133873
44.29097071294338,38.64582052371409,0.974523104365509,0.2242871352927118
44.27808794557394,38.733347223941365,0.9977695596213136,-0.06675257218332394
44.30264806736886,38.82036524014322,0.9508552037244115,0.30963588543676246
44.228547510052294,38.88548004551042,0.8102978278014248,0.5860182849197562
44.193999889491096,38.970594993709675,0.9876605402063752,0.1566098889574059
44.200978723368706,39.05934264722743,0.9999837861028447,0.005694517663532031
44.19299790893558,39.14654743932619,0.8693179059428228,0.4942533544723653
44.11471299238999,39.21107119682747,0.8179273925016476,0.5753214584868668
44.08643221491656,39.2980505667575,0.9016541809844343,0.43245778743513097
